Date,NextDayPM2.5,PM2.5,Benzene,CO,NH3,NO,NO2,NOx,O3,PM10,SO2,Toluene,Xylene
2017-11-24,81.4,71.36,0.17,0.1,12.19,1.75,20.65,12.4,109.26,115.75,10.76,5.92,0.1
2017-11-25,78.32,81.4,0.2,0.12,10.72,1.44,20.5,12.08,127.09,124.5,15.24,6.5,0.06
2017-11-26,88.76,78.32,0.22,0.14,10.28,1.26,26.0,14.85,117.44,129.06,26.96,7.95,0.08
2017-11-27,64.18,88.76,0.29,0.11,12.91,6.6,30.85,21.77,111.81,135.32,33.59,7.63,0.12
2017-11-28,72.47,64.18,0.17,0.09,11.42,2.56,28.07,17.01,138.18,104.09,19.0,5.02,0.07
2017-11-29,69.8,72.47,0.21,0.16,12.25,5.23,23.2,16.59,109.74,114.84,10.55,4.71,0.08
2017-11-30,73.96,69.8,0.16,0.12,10.95,4.69,20.17,14.54,118.09,114.86,14.07,3.52,0.06
2017-12-01,89.9,73.96,0.17,0.1,10.95,4.58,19.29,13.97,123.8,113.56,13.9,2.85,0.04
2017-12-02,87.14,89.9,0.25,0.1,13.12,7.71,26.19,19.87,128.73,140.2,19.37,2.79,0.07
2017-12-03,84.64,87.14,0.23,0.15,14.36,0.97,21.31,12.12,114.8,130.52,11.41,3.82,0.04
2017-12-04,88.36,84.64,0.31,0.18,14.41,4.02,26.98,17.58,112.41,125.0,9.84,3.53,0.09
2017-12-05,96.83,88.36,0.24,0.12,13.72,3.7,20.23,13.75,117.93,121.77,14.02,2.92,0.03
2017-12-06,117.46,96.83,0.29,0.11,15.12,1.6,25.65,14.99,117.21,139.36,16.54,4.45,0.07
2017-12-07,122.88,117.46,0.36,0.13,17.34,4.26,41.1,25.32,94.63,181.64,28.79,6.21,0.17
2017-12-08,74.28,122.88,0.36,0.27,17.96,5.56,54.87,33.71,68.6,208.86,22.97,6.28,0.21
2017-12-09,50.32,74.28,0.26,0.09,15.73,6.1,44.97,28.88,60.62,141.22,21.9,4.79,0.16
2017-12-10,58.47,50.32,0.2,0.1,12.56,1.73,33.85,19.41,68.15,102.77,13.65,4.29,0.1
2017-12-11,89.35,58.47,0.23,0.16,15.2,4.93,41.64,26.15,73.75,115.27,18.37,5.51,0.16
2017-12-12,64.42,89.35,0.28,0.24,21.24,7.97,42.1,28.88,44.67,131.48,7.42,7.01,0.19
2017-12-13,69.4,64.42,0.24,0.15,17.63,7.2,34.78,24.36,50.16,99.74,5.81,6.11,0.14
2017-12-14,71.07,69.4,0.23,0.14,19.34,5.81,29.97,20.67,55.0,98.94,5.8,5.09,0.14
2017-12-15,79.76,71.07,0.18,0.1,16.0,4.19,25.0,16.7,79.04,109.65,8.33,3.45,0.07
2017-12-16,108.06,79.76,0.24,0.17,15.56,8.77,40.92,28.84,73.17,129.81,8.51,4.41,0.13
2017-12-17,100.75,108.06,0.31,0.08,18.52,7.29,47.05,30.94,70.74,167.62,16.05,4.32,0.24
2017-12-18,106.25,100.75,0.26,0.11,18.49,7.63,53.94,33.45,59.2,172.04,14.05,3.77,0.19
2017-12-19,83.79,106.25,0.28,0.13,19.66,2.74,43.09,21.78,66.9,171.56,15.45,3.13,0.18
2017-12-20,79.98,83.79,0.29,0.3,17.37,6.77,47.47,30.74,77.54,141.83,13.35,3.7,0.15
2017-12-21,76.27,79.98,0.33,0.14,17.28,7.02,49.55,32.07,79.71,147.74,13.58,3.95,0.19
2017-12-22,86.5,76.27,0.29,0.15,19.53,7.51,56.0,35.9,56.97,152.59,29.88,4.44,0.19
2017-12-23,100.62,86.5,0.31,0.15,20.78,5.24,42.0,26.6,73.09,147.95,11.85,3.9,0.17
2017-12-24,110.73,100.62,0.34,0.22,23.68,3.75,47.68,28.41,62.78,167.75,10.85,4.81,0.29
2017-12-25,107.7,110.73,0.33,0.1,21.66,1.69,31.06,17.89,76.07,171.47,12.23,3.96,0.16
2017-12-26,104.81,107.7,0.33,0.17,22.52,4.97,43.54,27.2,64.6,170.21,18.07,4.01,0.16
2017-12-27,89.95,104.81,0.38,0.23,21.06,9.59,63.48,41.57,63.87,192.2,17.01,4.1,0.36
2017-12-28,74.58,89.95,0.36,0.27,18.87,10.95,64.53,43.23,62.49,175.16,15.52,4.12,0.23
2017-12-29,56.68,74.58,0.32,0.17,18.2,6.14,46.65,29.81,67.11,138.6,9.47,3.76,0.18
2017-12-30,61.03,56.68,0.25,0.1,16.86,4.6,33.26,21.44,66.91,109.33,8.26,3.28,0.14
2017-12-31,59.03,61.03,0.33,0.08,17.82,5.51,39.5,25.49,61.91,131.62,11.45,4.16,0.19
2018-01-01,61.88,59.03,0.23,0.09,18.03,3.45,23.36,15.23,87.55,108.83,26.05,3.2,0.09
2018-01-02,71.57,61.88,0.2,0.09,19.57,3.87,23.14,15.45,81.38,109.82,12.81,3.84,0.04
2018-01-03,92.44,71.57,0.24,0.09,25.61,5.01,39.99,25.36,80.3,137.48,16.82,6.55,0.11
2018-01-04,92.9,92.44,0.3,0.11,19.45,5.84,53.79,33.36,71.09,174.75,16.93,7.23,0.23
2018-01-05,85.15,92.9,0.29,0.08,21.02,6.38,56.39,35.19,68.79,162.69,23.11,7.88,0.2
2018-01-06,81.47,85.15,0.26,0.07,18.71,11.05,61.55,41.72,90.8,151.97,11.86,7.14,0.16
2018-01-07,81.58,81.47,0.25,0.07,20.18,6.45,46.9,30.18,96.49,145.68,9.63,7.26,0.15
2018-01-08,79.56,81.58,0.29,0.09,21.59,3.97,34.93,21.81,118.91,132.66,12.81,6.16,0.15
2018-01-09,87.43,79.56,0.05,0.05,17.71,4.44,37.58,23.6,137.61,146.64,17.77,1.1,0.02
2018-01-10,87.33,87.43,0.1,0.1,22.35,3.9,37.31,23.02,121.72,155.95,13.4,1.93,0.01
2018-01-11,110.39,87.33,0.22,0.08,23.66,3.95,42.52,25.82,106.17,153.97,35.39,6.61,0.07
2018-01-12,77.51,110.39,0.28,0.04,24.74,4.54,52.24,31.49,82.2,182.54,36.01,8.48,0.12
2018-01-13,86.96,77.51,0.19,0.05,20.06,3.85,36.41,22.49,72.16,125.01,14.36,7.12,0.07
2018-01-14,76.29,86.96,0.23,0.05,21.23,3.65,28.32,18.03,62.6,129.99,4.83,6.93,0.07
2018-01-15,67.06,76.29,0.18,0.05,20.38,2.96,21.35,13.75,69.99,115.53,8.75,7.71,0.07
2018-01-16,68.34,67.06,0.15,0.06,18.78,3.22,20.25,13.29,54.92,100.34,4.7,6.52,0.07
2018-01-17,66.28,68.34,0.15,0.06,20.29,3.71,26.26,16.99,45.63,104.45,6.43,6.54,0.07
2018-01-18,64.98,66.28,0.19,0.05,21.68,7.36,45.13,29.99,45.97,117.3,7.21,6.81,0.1
2018-01-19,75.46,64.98,0.18,0.06,21.32,6.98,45.4,29.83,50.28,116.14,8.83,6.79,0.14
2018-01-20,81.58,75.46,0.2,0.13,21.88,9.56,56.53,37.84,51.98,132.84,30.48,6.58,0.14
2018-01-21,78.27,81.58,0.16,0.05,19.33,4.99,38.15,24.35,59.76,141.85,11.04,5.83,0.07
2018-01-22,79.01,78.27,0.16,0.06,19.12,5.98,45.36,29.01,58.53,142.86,10.32,5.57,0.06
2018-01-23,77.98,79.01,0.18,0.06,20.29,6.16,45.43,29.17,58.04,138.14,10.18,5.76,0.07
2018-01-24,77.96,77.98,0.17,0.06,21.11,5.09,44.96,28.04,50.69,137.31,7.22,6.37,0.08
2018-01-25,79.04,77.96,0.18,0.06,23.45,8.4,59.92,38.7,40.77,155.73,31.01,7.39,0.13
2018-01-26,77.78,79.04,0.19,0.08,26.0,6.19,43.61,28.23,45.46,143.38,8.67,7.14,0.1
2018-01-27,76.48,77.78,0.18,0.09,26.3,6.1,43.84,28.33,43.26,131.14,7.62,6.61,0.07
2018-01-28,74.2,76.48,0.16,0.06,22.05,4.06,33.37,21.04,45.71,131.86,7.49,4.43,0.06
2018-01-29,78.23,74.2,0.15,0.07,20.24,4.3,35.82,22.55,53.0,135.97,12.16,4.24,0.05
2018-01-30,68.53,78.23,0.19,0.05,21.73,5.36,45.76,28.7,45.35,140.66,12.45,4.83,0.08
2018-01-31,62.08,68.53,0.18,0.04,19.74,8.28,61.52,39.46,37.99,147.48,23.68,5.11,0.11
2018-02-01,50.64,62.08,0.16,0.05,19.42,10.08,62.18,41.29,34.93,152.59,8.97,4.65,0.13
2018-02-02,44.21,50.64,0.18,0.07,19.89,6.48,45.52,29.49,40.57,130.36,10.61,3.9,0.11
2018-02-03,50.71,44.21,0.09,0.07,23.31,3.63,34.37,21.23,31.73,119.52,5.86,3.54,0.06
2018-02-04,42.27,50.71,0.13,0.06,11.19,7.91,35.16,25.13,32.58,115.65,8.16,3.19,0.08
2018-02-05,39.41,42.27,0.12,0.66,13.4,4.95,30.69,20.33,32.18,100.54,8.99,2.8,0.09
2018-02-06,50.56,39.41,0.12,0.81,17.9,3.21,28.53,17.83,28.72,101.1,5.86,3.07,0.11
2018-02-07,50.54,50.56,0.08,0.97,11.05,6.93,37.27,25.44,23.36,116.89,5.25,2.3,0.1
2018-02-08,26.22,50.54,0.1,0.9,13.02,2.91,26.96,16.74,36.66,120.05,17.9,2.28,0.21
2018-02-09,31.83,26.22,0.07,0.61,12.32,2.24,20.1,12.54,23.74,62.82,8.25,3.07,0.12
2018-02-10,70.26,31.83,0.05,0.61,11.9,2.76,16.83,11.14,24.72,66.74,5.87,2.64,0.11
2018-02-11,59.47,70.26,0.06,0.62,13.05,0.4,11.87,6.57,31.4,112.29,7.29,2.1,0.1
2018-02-12,58.71,59.47,0.04,0.68,11.94,0.54,12.85,7.18,30.57,99.73,7.62,1.88,0.11
2018-02-13,56.29,58.71,0.12,0.86,11.99,0.41,13.88,7.62,36.2,99.04,6.89,1.84,0.1
2018-02-14,50.41,56.29,0.16,0.95,10.89,0.25,16.71,9.02,48.39,107.96,12.91,2.37,0.1
2018-02-15,57.53,50.41,0.17,0.69,20.24,1.68,25.6,15.01,33.46,118.62,11.81,3.82,0.11
2018-02-16,43.82,57.53,0.15,0.78,33.72,1.94,25.03,14.88,31.15,128.81,25.39,3.02,0.14
2018-02-17,42.71,43.82,0.09,0.67,22.52,1.45,16.01,9.45,27.62,97.19,17.62,2.52,0.12
2018-02-18,54.73,42.71,0.1,0.49,24.68,15.9,17.35,22.25,30.68,80.24,9.53,3.09,0.12
2018-02-19,50.91,54.73,0.08,0.58,22.79,3.49,12.79,9.73,30.21,94.12,8.21,2.23,0.15
2018-02-20,38.5,50.91,0.1,0.64,23.18,4.55,16.33,12.39,26.24,99.84,10.34,2.51,0.1
2018-02-21,32.21,38.5,0.1,0.58,19.54,4.5,16.82,12.69,26.62,106.7,11.02,2.68,0.11
2018-02-22,35.36,32.21,0.12,0.6,18.13,7.39,17.33,15.32,24.84,107.43,11.81,3.28,0.13
2018-02-23,59.65,35.36,0.09,0.85,16.57,6.13,17.75,14.52,23.99,107.25,10.87,2.92,0.2
2018-02-24,46.16,59.65,0.16,0.7,20.46,8.21,19.14,16.94,21.64,127.26,10.82,2.67,0.15
2018-02-25,34.31,46.16,0.13,,16.35,11.52,17.19,18.59,16.94,115.95,9.18,2.51,0.13
2018-02-26,39.52,34.31,0.1,,15.88,9.19,20.85,18.66,16.28,107.74,13.97,2.44,0.12
2018-02-27,43.08,39.52,0.15,0.81,18.5,19.35,21.18,27.0,18.8,113.31,15.02,2.65,0.2
2018-02-28,38.1,43.08,0.09,0.79,22.46,5.34,19.02,14.54,25.64,116.06,22.7,2.16,0.12
2018-03-01,33.08,38.1,0.06,0.79,19.27,7.1,22.21,17.68,22.73,97.0,13.89,2.12,0.11
2018-03-02,29.7,33.08,0.05,0.72,14.52,5.37,18.83,14.38,23.63,83.16,8.98,2.04,0.1
2018-03-03,38.67,29.7,0.05,0.65,12.72,4.45,17.33,13.01,29.26,77.45,9.71,1.85,0.1
2018-03-04,30.04,38.67,0.06,0.66,12.41,4.45,22.81,15.74,22.9,82.67,12.63,2.18,0.11
2018-03-05,39.72,30.04,0.05,0.78,12.52,11.58,24.74,22.65,17.81,83.07,8.98,1.91,0.21
2018-03-06,38.21,39.72,0.11,0.81,14.03,19.66,26.29,30.06,17.53,103.81,9.68,2.46,0.17
2018-03-07,58.31,38.21,0.05,0.75,14.15,5.71,19.03,14.85,22.81,78.95,8.03,2.19,0.1
2018-03-08,62.49,58.31,0.12,1.03,14.0,11.93,28.85,25.14,22.24,124.64,10.21,2.38,0.16
2018-03-09,49.04,62.49,0.09,0.91,16.53,8.08,22.65,18.7,26.26,113.56,12.68,2.18,0.12
2018-03-10,41.67,49.04,0.1,0.64,14.09,5.75,19.92,15.26,26.52,102.46,6.82,2.5,0.1
2018-03-11,32.44,41.67,0.11,0.78,13.51,2.74,13.08,9.19,30.38,80.09,8.35,2.08,0.1
2018-03-12,26.43,32.44,0.09,0.68,12.65,6.01,19.07,15.02,21.52,75.3,7.75,2.72,0.15
2018-03-13,25.08,26.43,0.08,0.72,11.64,10.73,20.82,19.8,16.52,80.85,9.43,2.24,0.13
2018-03-14,26.09,25.08,0.05,0.56,14.1,7.17,15.22,13.94,13.8,60.67,8.63,2.19,0.12
2018-03-15,16.62,26.09,0.02,0.58,10.74,4.9,10.42,9.51,21.38,63.05,11.33,1.26,0.1
2018-03-16,49.58,16.62,0.01,0.58,11.53,4.9,8.18,8.43,12.68,39.94,6.37,1.52,
2018-03-17,43.52,49.58,0.09,0.7,13.47,4.98,19.05,14.27,20.32,82.95,12.47,2.18,0.22
2018-03-18,39.83,43.52,0.12,0.8,13.75,6.41,20.43,16.16,23.36,80.01,10.57,2.6,0.29
2018-03-19,36.89,39.83,0.09,0.7,13.34,4.63,14.37,11.5,23.13,76.09,8.89,2.71,0.1
2018-03-20,48.71,36.89,0.06,0.57,13.96,6.62,18.83,15.39,13.58,76.61,7.04,2.88,0.1
2018-03-21,52.69,48.71,0.06,0.92,13.01,5.63,14.86,12.65,27.48,96.46,15.45,1.73,0.1
2018-03-22,46.48,52.69,0.01,0.59,15.35,4.69,14.44,11.58,19.03,94.25,16.81,1.48,0.1
2018-03-23,44.22,46.48,0.03,0.6,15.02,4.35,14.79,11.5,21.04,95.41,15.55,1.62,0.16
2018-03-24,35.91,44.22,0.02,0.73,14.58,3.56,8.53,7.52,23.87,77.62,9.61,1.28,0.1
2018-03-25,39.05,35.91,0.01,0.67,13.53,2.94,6.99,6.19,27.58,71.26,3.69,1.69,
2018-03-26,30.21,39.05,0.05,0.68,10.94,3.43,9.86,8.11,23.74,81.51,7.26,2.2,0.13
2018-03-27,31.14,30.21,0.01,0.58,11.24,5.11,11.29,10.25,20.89,67.22,13.19,1.96,0.1
2018-03-28,26.82,31.14,0.02,0.83,11.8,4.25,10.36,9.05,20.99,60.35,14.42,1.69,0.1
2018-03-29,26.34,26.82,0.0,0.69,11.54,3.63,7.68,7.14,23.6,52.51,13.63,1.27,
2018-03-30,28.48,26.34,0.0,0.57,9.3,3.49,8.43,7.41,23.6,52.07,18.83,1.38,
2018-03-31,21.83,28.48,0.0,0.64,10.49,3.06,6.86,6.23,24.19,55.8,12.97,1.42,
2018-04-01,24.23,21.83,0.0,0.55,7.53,2.69,5.28,5.09,23.34,52.92,8.3,1.43,
2018-04-02,22.29,24.23,0.04,0.56,8.17,4.32,14.33,11.23,23.86,52.06,9.95,1.38,0.1
2018-04-03,25.28,22.29,0.03,0.67,10.88,4.38,11.27,9.64,19.63,55.96,8.08,1.85,0.1
2018-04-04,19.68,25.28,0.01,0.72,12.44,4.93,9.65,9.24,19.64,54.59,8.7,1.5,0.1
2018-04-05,29.89,19.68,0.0,0.69,8.44,2.06,6.63,5.2,14.34,45.57,5.86,1.43,
2018-04-06,24.4,29.89,0.0,0.87,9.17,5.08,9.62,9.25,20.63,71.75,10.34,1.12,
2018-04-07,20.05,24.4,0.0,0.74,10.27,5.01,10.84,9.84,13.13,70.25,7.4,1.11,0.1
2018-04-08,23.72,20.05,0.02,0.65,9.77,4.17,13.54,10.69,34.29,79.5,10.35,1.12,
2018-04-09,26.12,23.72,0.0,0.81,10.54,4.18,8.86,8.18,19.29,55.74,6.71,0.99,0.1
2018-04-10,13.0,26.12,0.0,0.5,9.83,4.8,11.71,10.14,14.32,56.77,6.88,1.14,0.12
2018-04-11,9.25,13.0,0.0,,20.1,3.8,2.8,4.6,19.6,29.0,,0.8,
2018-04-12,7.16,9.25,0.0,0.54,9.06,4.7,4.6,6.48,21.66,35.45,6.2,0.89,
2018-04-13,7.97,7.16,0.0,0.59,8.62,3.86,5.22,5.99,14.29,26.39,6.62,0.95,
2018-04-14,6.48,7.97,0.0,0.61,8.66,4.26,6.48,7.0,11.52,33.2,6.01,1.06,
2018-04-15,7.2,6.48,0.0,0.47,8.32,2.39,3.54,3.83,11.63,23.83,5.97,0.82,
2018-04-16,8.27,7.2,0.0,0.5,7.23,3.7,5.73,6.14,18.9,34.11,7.01,1.07,
2018-04-17,17.79,8.27,0.0,0.53,6.04,3.72,5.86,6.14,7.51,27.27,6.69,0.98,
2018-04-18,9.21,17.79,0.0,0.73,8.37,4.51,6.55,7.31,28.54,53.96,10.53,1.02,
2018-04-19,24.83,9.21,0.0,0.44,6.59,2.67,3.26,3.9,11.95,27.62,6.91,0.73,
2018-04-20,19.78,24.83,0.0,0.56,10.45,3.41,6.22,6.25,30.26,67.21,15.16,0.82,
2018-04-21,8.85,19.78,0.0,0.66,6.3,3.0,4.9,5.14,23.67,49.86,7.64,0.7,
2018-04-22,25.0,8.85,0.0,0.36,5.01,2.7,3.86,4.26,20.73,30.54,5.44,0.74,
2018-04-23,23.35,25.0,0.0,,7.5,3.1,8.8,7.2,19.6,61.0,,1.1,
2018-04-24,18.48,23.35,0.0,0.62,7.8,4.6,7.1,7.6,34.95,91.83,11.15,0.52,
2018-04-25,24.79,18.48,0.0,0.76,6.68,3.36,12.71,9.5,17.57,62.52,7.38,0.87,
2018-04-26,11.04,24.79,0.0,0.6,9.86,4.32,7.23,7.54,29.11,66.54,13.05,0.89,
2018-04-27,9.74,11.04,0.0,0.48,6.78,3.76,5.11,5.87,16.31,38.34,6.21,0.71,
2018-04-28,10.35,9.74,0.0,0.66,5.66,3.94,4.84,5.87,12.65,33.83,7.51,0.83,
2018-04-29,28.85,10.35,0.0,1.01,4.43,3.51,5.55,5.81,7.55,30.98,5.38,0.86,
2018-04-30,22.81,28.85,0.0,0.45,6.12,3.84,5.51,6.23,32.05,64.52,5.93,0.68,
2018-05-01,28.54,22.81,0.0,0.8,5.76,3.12,6.96,6.33,34.26,53.85,7.09,0.22,
2018-05-02,18.46,28.54,,0.85,8.96,4.29,22.75,15.68,32.62,56.36,7.28,,
2018-05-03,23.9,18.46,,0.49,12.76,3.59,14.17,10.55,30.3,39.45,6.37,,
2018-05-04,,23.9,,0.56,12.69,4.65,26.74,18.01,12.46,37.71,6.01,,
2018-05-05,,,,,,,,,,,,,
2018-05-06,17.0,,,,,,,,,,,,
2018-05-07,29.12,17.0,0.1,,18.0,3.6,12.1,9.4,54.9,50.0,,0.3,
2018-05-08,14.42,29.12,0.07,0.54,10.16,3.36,10.7,8.42,53.09,74.4,17.55,5.08,
2018-05-09,19.06,14.42,0.08,0.43,7.77,3.41,6.9,6.44,35.44,36.29,9.19,2.85,
2018-05-10,12.42,19.06,0.05,0.54,9.06,5.12,9.93,9.48,51.0,43.83,8.34,0.47,
2018-05-11,21.4,12.42,0.03,0.51,4.63,4.47,10.28,9.11,36.88,36.29,5.82,0.21,0.15
2018-05-12,16.78,21.4,0.32,0.57,9.19,4.04,8.19,7.82,56.23,54.19,9.63,0.3,
2018-05-13,19.77,16.78,0.21,0.4,7.82,2.87,5.94,5.57,50.24,42.22,7.31,0.74,
2018-05-14,22.63,19.77,0.57,1.03,9.3,3.66,10.0,8.38,43.79,62.11,12.02,0.0,
2018-05-15,22.44,22.63,0.81,0.26,9.67,2.87,14.93,10.28,41.32,54.13,9.43,0.0,
2018-05-16,15.2,22.44,0.28,1.31,9.46,4.24,10.94,9.25,40.74,55.03,7.48,0.05,
2018-05-17,9.58,15.2,2.11,1.18,8.99,4.69,9.26,8.84,54.21,45.09,6.82,0.06,4.47
2018-05-18,43.35,9.58,1.0,0.59,13.54,3.12,9.05,7.35,122.21,28.33,7.27,0.0,
2018-05-19,16.44,43.35,0.88,,10.89,2.84,10.57,7.94,64.07,103.42,21.69,0.0,
2018-05-20,27.93,16.44,0.95,,9.16,2.37,7.26,5.79,40.47,54.42,8.06,0.0,0.1
2018-05-21,13.23,27.93,0.2,,8.48,3.98,11.44,9.32,51.06,81.18,11.16,0.0,
2018-05-22,20.52,13.23,0.23,,9.37,2.51,5.4,4.92,29.12,41.25,6.55,0.04,1.3
2018-05-23,25.62,20.52,0.14,0.25,11.75,4.36,11.91,10.02,79.94,77.6,7.92,0.0,
2018-05-24,40.32,25.62,0.44,0.48,11.52,4.28,13.88,10.97,44.62,56.44,7.3,0.34,8.45
2018-05-25,13.07,40.32,39.22,0.5,10.61,4.36,11.3,9.65,24.35,66.25,7.57,4.47,8.46
2018-05-26,16.56,13.07,28.37,0.46,9.78,3.8,8.59,7.75,29.05,37.35,6.09,5.06,4.02
2018-05-27,19.57,16.56,35.84,0.41,9.48,3.03,7.25,6.31,62.01,41.96,6.48,0.44,1.52
2018-05-28,30.96,19.57,53.89,0.34,10.79,3.72,7.72,7.22,64.58,44.72,5.99,26.79,125.18
2018-05-29,32.1,30.96,48.64,0.36,11.18,3.63,10.82,8.8,82.13,72.18,11.72,6.44,
2018-05-30,31.82,32.1,,0.29,9.85,3.17,10.17,8.07,105.09,83.29,6.4,,
2018-05-31,37.5,31.82,,0.32,9.97,3.17,9.57,7.76,100.6,74.79,9.41,,
2018-06-01,23.25,37.5,,0.57,10.06,3.27,11.57,8.91,79.11,84.96,4.53,,
2018-06-02,27.42,23.25,21.16,0.43,9.62,4.29,15.21,11.68,57.54,61.1,9.78,20.84,
2018-06-03,31.26,27.42,16.54,0.32,7.89,3.36,19.38,13.04,77.6,57.28,6.83,8.98,89.7
2018-06-04,28.12,31.26,6.66,0.4,9.02,2.6,10.78,7.92,100.25,72.82,7.7,1.0,47.94
2018-06-05,32.33,28.12,4.24,0.38,11.27,2.67,13.18,9.28,126.43,70.21,7.28,6.34,22.67
2018-06-06,19.29,32.33,1.84,0.51,13.99,3.37,18.42,12.62,44.58,55.74,6.22,76.32,
2018-06-07,17.99,19.29,,0.42,17.3,2.93,13.9,9.86,65.87,31.22,5.87,,
2018-06-08,12.72,17.99,,0.32,14.89,2.8,10.45,7.92,63.95,29.24,6.37,,
2018-06-09,13.65,12.72,,0.4,10.79,2.33,9.03,6.78,72.26,24.79,5.82,,
2018-06-10,17.64,13.65,,0.46,9.14,1.9,6.11,4.79,60.03,35.39,7.1,,
2018-06-11,23.43,17.64,,0.49,9.74,3.95,10.06,8.65,46.41,47.81,5.81,,
2018-06-12,25.92,23.43,,0.79,10.29,5.5,13.82,11.83,46.96,57.11,6.68,,
2018-06-13,32.7,25.92,,0.61,9.72,4.85,15.08,11.96,36.27,68.27,6.36,,
2018-06-14,31.58,32.7,,0.55,11.4,3.83,11.83,9.5,47.71,103.88,8.41,,
2018-06-15,22.9,31.58,,1.13,13.41,4.62,13.57,11.07,62.14,107.31,8.66,,
2018-06-16,24.23,22.9,,0.75,10.54,3.08,10.96,8.42,61.1,69.96,5.29,,
2018-06-17,17.92,24.23,,0.98,10.85,3.0,8.32,6.95,59.68,78.11,9.0,,
2018-06-18,17.38,17.92,,0.46,10.72,3.53,7.85,7.13,52.83,68.72,6.66,,
2018-06-19,19.06,17.38,,0.84,9.36,4.73,9.13,8.79,54.36,55.59,6.18,,
2018-06-20,18.81,19.06,,1.02,10.32,4.75,11.31,9.96,62.58,59.46,5.43,,
2018-06-21,18.69,18.81,0.23,1.01,11.32,3.91,11.7,9.49,62.72,55.66,5.53,0.26,0.1
2018-06-22,17.85,18.69,0.38,0.81,12.21,3.48,12.39,9.52,68.32,50.06,7.62,0.2,
2018-06-23,18.09,17.85,0.41,1.05,11.67,3.35,11.42,8.88,63.17,43.47,6.86,0.24,
2018-06-24,18.93,18.09,0.4,1.0,9.25,3.0,7.26,6.39,64.6,45.11,6.14,0.24,0.1
2018-06-25,16.86,18.93,0.43,0.55,10.94,3.85,7.4,7.15,50.27,60.89,6.76,0.26,
2018-06-26,16.85,16.86,0.36,0.52,10.01,2.98,8.54,6.96,50.39,48.26,7.12,0.22,0.1
2018-06-27,16.46,16.85,0.38,0.57,11.26,5.26,10.6,10.0,43.4,54.97,7.55,0.25,
2018-06-28,18.4,16.46,0.48,0.61,11.74,5.95,17.41,14.19,40.44,33.5,4.72,0.5,0.3
2018-06-29,20.31,18.4,0.4,0.38,13.37,4.29,13.66,10.85,48.0,49.43,5.51,0.28,0.1
2018-06-30,23.99,20.31,0.39,0.41,12.81,3.84,12.76,9.99,61.59,49.14,7.54,0.25,0.1
2018-07-01,20.36,23.99,0.34,0.51,15.06,3.45,16.64,11.74,46.14,46.59,5.01,0.32,0.13
2018-07-02,15.08,20.36,0.32,0.52,13.73,4.47,15.53,11.98,53.13,41.99,6.62,0.27,0.11
2018-07-03,19.42,15.08,0.32,0.4,10.28,5.11,13.96,11.66,44.36,38.79,4.9,0.25,0.11
2018-07-04,13.93,19.42,0.29,0.41,10.96,5.64,13.23,11.71,47.28,69.33,5.6,0.25,0.1
2018-07-05,18.29,13.93,0.3,0.33,11.11,5.11,10.72,9.94,44.77,48.97,6.52,0.25,0.1
2018-07-06,17.25,18.29,0.32,0.63,13.21,6.12,17.63,14.44,37.35,41.01,6.53,0.29,0.13
2018-07-07,13.43,17.25,0.29,0.37,11.04,2.58,6.82,5.82,65.23,32.02,4.65,0.2,0.2
2018-07-08,16.83,13.43,0.26,0.46,9.79,2.11,5.31,4.54,54.03,26.94,5.17,0.2,
2018-07-09,18.16,16.83,0.28,0.37,9.56,3.04,7.43,6.51,61.43,38.25,5.69,0.21,
2018-07-10,16.89,18.16,0.24,0.36,10.87,3.03,6.81,6.17,53.27,38.17,5.36,0.21,
2018-07-11,15.95,16.89,0.35,0.39,10.19,2.61,6.37,5.51,54.84,30.98,6.75,0.87,4.88
2018-07-12,14.05,15.95,0.28,0.64,16.27,7.52,7.16,10.56,37.76,25.24,8.77,0.12,0.1
2018-07-13,9.85,14.05,0.26,0.16,13.78,2.4,7.74,6.2,30.33,30.86,6.45,0.09,
2018-07-14,8.68,9.85,0.22,0.4,15.05,3.12,7.5,6.61,21.63,29.97,6.02,0.08,
2018-07-15,7.5,8.68,0.2,0.31,12.07,2.19,5.01,4.44,19.52,26.62,6.29,0.06,0.1
2018-07-16,7.75,7.5,0.23,0.3,11.23,3.64,6.56,6.54,20.89,24.01,7.42,0.08,
2018-07-17,10.45,7.75,0.21,0.44,13.07,4.99,8.7,8.78,25.38,28.62,10.4,0.09,
2018-07-18,12.7,10.45,0.21,0.47,14.62,4.1,11.13,9.34,28.24,41.47,9.94,0.09,0.1
2018-07-19,14.48,12.7,0.22,0.42,11.05,4.31,9.81,8.8,32.3,49.26,8.98,0.1,
2018-07-20,17.96,14.48,0.19,0.5,12.61,5.28,12.77,11.09,24.28,35.5,9.81,0.07,0.1
2018-07-21,16.87,17.96,0.19,0.69,14.75,5.68,14.95,12.66,32.73,47.61,6.51,0.12,0.15
2018-07-22,16.46,16.87,0.18,0.38,14.92,2.22,7.8,5.94,31.82,50.6,12.46,0.06,
2018-07-23,17.42,16.46,0.24,0.47,15.03,7.42,15.94,13.64,34.5,62.29,13.78,0.12,0.1
2018-07-24,17.79,17.42,0.21,0.47,15.6,5.71,16.26,13.39,28.85,56.44,11.83,0.11,0.1
2018-07-25,18.75,17.79,0.16,0.62,14.24,7.15,16.25,14.55,26.08,68.97,10.42,0.08,0.2
2018-07-26,11.92,18.75,0.16,0.55,16.15,4.66,15.45,12.1,27.44,82.27,9.13,0.1,
2018-07-27,17.74,11.92,0.13,0.57,16.19,3.33,7.75,6.92,29.93,46.76,10.97,0.05,
2018-07-28,21.78,17.74,0.2,0.49,18.23,10.41,20.1,19.29,27.33,80.26,10.98,0.19,0.1
2018-07-29,28.31,21.78,0.16,0.44,18.8,5.21,20.63,15.21,25.7,76.32,9.64,0.18,0.1
2018-07-30,27.1,28.31,0.13,0.54,18.71,9.45,24.83,20.98,31.12,98.01,6.69,0.12,0.1
2018-07-31,20.21,27.1,0.16,0.47,21.23,9.04,23.91,20.07,23.43,112.48,12.6,0.22,0.1
2018-08-01,18.52,20.21,0.12,0.34,18.05,4.66,16.41,12.61,29.91,91.71,6.74,0.08,0.1
2018-08-02,25.59,18.52,0.13,0.43,20.07,6.99,18.33,15.52,28.73,51.48,12.46,0.1,0.1
2018-08-03,21.79,25.59,0.13,0.5,21.89,10.33,21.95,20.17,26.4,70.1,8.64,0.14,0.12
2018-08-04,24.0,21.79,0.12,0.38,19.74,4.79,15.65,12.3,30.57,75.21,11.1,0.08,0.2
2018-08-05,17.79,24.0,0.2,0.95,35.2,1.4,28.8,16.4,17.6,80.0,2.9,0.1,
2018-08-06,18.47,17.79,0.16,0.42,16.48,5.56,14.87,12.57,30.9,72.48,11.28,0.14,
2018-08-07,16.73,18.47,0.11,0.8,16.57,7.36,16.89,15.06,22.14,52.91,11.49,0.09,0.1
2018-08-08,18.72,16.73,0.11,0.44,19.69,6.61,16.05,14.0,20.11,40.15,9.02,0.07,0.13
2018-08-09,11.39,18.72,0.12,0.42,22.11,7.08,25.46,19.29,18.28,57.71,12.33,0.15,0.1
2018-08-10,10.62,11.39,0.12,0.39,24.46,4.4,11.2,9.63,21.17,28.72,9.47,0.07,0.1
2018-08-11,8.1,10.62,0.07,0.59,17.43,3.71,9.32,8.1,14.62,19.96,10.32,0.03,0.1
2018-08-12,9.28,8.1,0.0,0.77,11.88,2.78,8.58,6.84,14.52,15.83,8.72,0.0,
2018-08-13,7.45,9.28,0.04,0.92,14.27,5.01,7.85,8.31,12.29,16.42,8.12,0.03,0.1
2018-08-14,15.32,7.45,0.05,0.88,14.63,3.99,8.92,8.08,16.01,20.5,8.35,0.04,0.1
2018-08-15,8.84,15.32,0.1,0.88,15.07,3.13,10.48,8.12,14.12,45.04,8.93,0.06,0.1
2018-08-16,11.39,8.84,0.1,0.95,18.92,3.77,6.74,6.74,21.01,23.71,8.39,0.02,
2018-08-17,12.51,11.39,0.1,0.96,13.6,3.02,7.96,6.77,26.34,24.61,11.82,0.02,0.1
2018-08-18,8.71,12.51,0.1,0.86,14.61,2.71,6.6,5.8,28.28,32.52,9.47,0.02,0.1
2018-08-19,10.46,8.71,0.1,1.03,20.04,1.36,6.04,4.31,22.3,14.17,8.12,0.01,0.1
2018-08-20,11.3,10.46,0.17,0.99,13.4,6.49,11.24,10.45,18.45,22.96,10.48,0.09,
2018-08-21,7.0,11.3,0.12,1.2,9.62,5.81,11.69,11.08,24.93,27.28,9.05,0.07,
2018-08-22,11.44,7.0,0.09,1.08,17.12,1.7,7.66,5.45,17.77,7.8,8.39,0.0,0.1
2018-08-23,15.76,11.44,0.1,0.74,12.88,3.08,12.02,8.9,33.9,32.62,8.98,0.08,
2018-08-24,18.79,15.76,0.1,1.36,16.38,4.78,19.03,14.1,23.34,40.74,9.46,0.09,0.15
2018-08-25,15.05,18.79,0.1,1.1,18.52,5.2,20.45,15.18,22.54,60.26,10.01,0.07,0.1
2018-08-26,10.1,15.05,0.1,0.95,19.91,3.3,14.59,10.44,22.85,43.47,10.12,0.04,
2018-08-27,14.43,10.1,0.1,0.87,19.26,4.73,13.33,11.02,20.67,23.92,9.24,0.08,0.1
2018-08-28,22.65,14.43,0.09,0.95,17.73,6.66,16.04,14.03,24.54,43.47,9.76,0.06,0.13
2018-08-29,28.45,22.65,0.1,1.18,19.88,4.52,16.8,12.7,29.44,57.46,8.89,0.08,0.1
2018-08-30,24.94,28.45,0.1,1.39,20.7,6.68,19.36,15.81,29.76,81.89,9.78,0.07,0.1
2018-08-31,26.24,24.94,0.04,1.4,20.42,3.56,19.99,13.29,28.1,69.22,11.98,0.06,0.1
2018-09-01,30.6,26.24,0.07,1.68,24.55,4.63,21.34,15.23,27.98,62.75,11.17,0.12,0.1
2018-09-02,21.81,30.6,0.11,1.71,22.37,7.16,24.63,18.91,24.36,76.16,11.64,0.18,0.12
2018-09-03,24.22,21.81,0.09,1.64,21.76,12.19,23.75,22.67,29.05,78.68,11.8,0.07,
2018-09-04,19.82,24.22,0.09,1.68,21.11,9.81,26.49,22.16,26.93,86.08,11.54,0.1,0.1
2018-09-05,25.11,19.82,0.07,1.82,20.62,5.45,17.14,13.64,29.25,71.36,12.89,0.09,
2018-09-06,31.3,25.11,0.09,1.57,16.71,6.01,21.87,16.61,31.81,81.43,11.73,0.08,
2018-09-07,27.1,31.3,0.08,1.48,18.06,9.49,25.22,21.23,35.61,101.05,11.06,0.16,0.1
2018-09-08,,27.1,0.08,1.54,23.69,11.58,21.31,20.76,28.77,89.38,10.21,0.11,0.1
2018-09-09,26.73,,,,,,,,,,,,
2018-09-10,33.28,26.73,0.04,1.32,23.97,12.65,30.67,26.74,37.63,71.95,12.74,0.11,0.13
2018-09-11,40.66,33.28,0.07,1.11,23.03,10.44,32.4,25.96,30.15,75.5,8.91,0.07,0.1
2018-09-12,40.56,40.66,0.05,0.76,21.37,4.78,23.58,16.52,38.55,82.62,10.9,0.03,
2018-09-13,37.93,40.56,0.07,0.62,22.66,2.56,17.56,11.42,37.87,66.97,11.29,0.11,0.1
2018-09-14,31.64,37.93,0.07,0.78,19.44,3.85,20.86,14.32,34.81,67.4,8.91,0.17,0.14
2018-09-15,,31.64,0.06,0.66,24.14,2.6,18.65,11.86,39.56,69.39,9.58,0.07,0.1
2018-09-16,27.69,,,,,,,,,,,,
2018-09-17,22.12,27.69,0.04,1.56,19.1,7.18,27.31,20.52,40.29,49.21,9.59,0.07,0.1
2018-09-18,29.25,22.12,0.01,1.34,18.14,3.73,16.1,11.69,41.51,34.83,10.48,0.02,
2018-09-19,38.32,29.25,0.0,0.81,17.82,4.16,17.41,12.79,42.2,52.84,11.24,0.03,
2018-09-20,35.02,38.32,0.05,0.65,18.04,3.61,26.27,16.89,25.95,80.97,13.38,0.18,
2018-09-21,24.29,35.02,0.02,0.74,19.86,2.84,21.04,13.5,41.37,71.42,6.28,0.03,0.1
2018-09-22,19.69,24.29,0.03,0.97,18.22,3.45,13.45,10.13,47.86,50.33,14.1,0.07,0.1
2018-09-23,18.81,19.69,0.0,0.43,16.71,3.1,12.18,9.0,27.91,50.18,12.28,0.02,
2018-09-24,26.13,18.81,0.01,0.92,15.48,6.24,14.01,12.61,20.67,50.51,14.67,0.02,
2018-09-25,24.08,26.13,0.03,0.82,19.43,8.3,22.94,19.06,30.84,60.44,27.0,7.96,12.4
2018-09-26,21.81,24.08,0.03,0.84,18.56,8.17,27.49,21.37,27.49,45.81,13.47,0.07,0.12
2018-09-27,11.15,21.81,0.02,0.62,19.6,6.87,28.22,20.75,25.36,37.31,17.33,0.13,
2018-09-28,14.58,11.15,0.01,0.71,22.26,9.61,12.53,14.66,21.89,34.75,11.43,0.03,
2018-09-29,,14.58,0.03,0.85,15.78,15.55,15.29,20.86,20.11,41.04,14.92,0.06,
2018-09-30,8.98,,0.01,0.84,16.9,10.61,14.9,16.55,25.72,42.61,11.9,0.06,
2018-10-01,9.7,8.98,0.0,0.75,18.93,6.59,12.51,12.1,21.47,37.07,8.48,0.03,
2018-10-02,13.11,9.7,0.01,0.72,16.77,20.22,13.81,23.79,14.92,30.1,7.25,0.1,
2018-10-03,14.15,13.11,0.04,0.79,16.96,8.07,14.11,14.6,43.39,41.43,19.9,0.06,
2018-10-04,25.88,14.15,0.01,0.54,16.17,7.63,14.53,14.09,30.86,39.67,13.81,0.05,
2018-10-05,49.7,25.88,0.04,0.84,15.01,6.94,17.79,15.2,27.48,56.44,12.41,0.21,0.1
2018-10-06,68.66,49.7,0.05,0.76,17.96,8.38,25.91,20.65,46.63,109.35,14.31,0.16,0.1
2018-10-07,53.52,68.66,0.09,0.86,26.12,11.84,36.24,28.91,28.42,163.06,10.92,0.07,
2018-10-08,65.16,53.52,0.06,1.44,16.36,14.4,35.17,30.56,52.71,122.89,13.94,0.08,0.11
2018-10-09,52.88,65.16,0.08,1.07,18.53,22.45,52.69,46.28,37.46,184.84,25.5,0.14,0.1
2018-10-10,54.08,52.88,0.04,0.81,21.36,5.52,26.45,18.96,57.33,172.08,31.74,0.05,0.1
2018-10-11,40.99,54.08,0.06,1.02,17.82,3.63,26.71,17.34,76.78,157.38,27.31,0.03,
2018-10-12,47.2,40.99,0.06,0.6,17.01,4.32,29.54,19.32,44.5,122.69,24.37,0.08,0.1
2018-10-13,39.22,47.2,0.06,0.88,19.97,5.83,28.13,19.71,36.92,116.44,16.73,0.09,
2018-10-14,36.86,39.22,0.0,0.95,22.01,4.9,24.58,17.06,25.73,102.6,10.6,0.06,0.1
2018-10-15,34.41,36.86,0.02,1.09,20.86,8.26,27.36,21.36,21.11,76.61,9.33,0.12,0.14
2018-10-16,22.05,34.41,0.02,1.07,19.19,10.35,25.38,22.0,21.99,72.03,10.8,0.19,0.28
2018-10-17,,22.05,0.0,0.94,19.77,6.04,18.92,15.15,26.78,48.93,10.51,0.02,
2018-10-18,,,,,,,,,,,,,
2018-10-19,,,,,,,,,,,,,
2018-10-20,,,,,,,,,,,,,
2018-10-21,72.23,,,,,,,,,,,,
2018-10-22,71.31,72.23,0.09,1.21,15.61,7.73,41.66,28.64,44.59,183.25,38.88,0.15,
2018-10-23,63.54,71.31,0.06,1.29,14.58,11.55,25.88,23.25,34.32,155.98,11.32,0.08,
2018-10-24,52.92,63.54,0.07,1.17,15.53,4.41,25.81,17.47,47.53,130.58,19.34,0.07,
2018-10-25,56.53,52.92,0.06,1.66,13.51,4.1,37.63,23.5,45.81,125.33,13.7,0.11,0.1
2018-10-26,69.42,56.53,0.08,1.18,16.01,9.84,36.38,27.43,41.17,128.8,13.43,0.15,0.1
2018-10-27,53.53,69.42,0.07,1.35,14.06,1.79,45.82,25.35,39.0,167.05,23.42,0.38,0.14
2018-10-28,48.33,53.53,0.07,0.88,13.73,1.52,38.23,21.54,37.22,119.1,15.52,0.28,0.14
2018-10-29,58.65,48.33,0.08,1.16,15.37,1.38,36.77,20.23,37.42,115.41,28.74,0.22,0.1
2018-10-30,33.33,58.65,0.07,1.26,14.82,1.23,36.24,20.27,31.09,125.68,14.54,0.13,0.13
2018-10-31,17.62,33.33,0.04,0.88,12.35,1.24,19.63,11.45,32.06,65.58,10.4,0.15,
2018-11-01,14.54,17.62,0.0,0.6,15.23,5.59,35.39,21.13,37.06,37.38,12.5,0.02,
2018-11-02,12.7,14.54,0.0,0.84,1.81,9.13,36.62,27.06,20.93,53.23,8.95,0.04,
2018-11-03,16.86,12.7,0.0,0.89,1.62,4.68,30.66,20.22,23.45,38.49,8.59,0.05,
2018-11-04,21.58,16.86,0.0,0.55,2.72,4.6,26.48,17.83,21.33,36.56,10.19,0.05,
2018-11-05,23.22,21.58,0.0,0.73,3.41,20.4,39.44,37.67,19.42,68.71,10.43,0.07,0.1
2018-11-06,28.39,23.22,0.01,0.89,2.15,20.42,39.56,37.74,21.33,64.84,10.33,0.11,0.1
2018-11-07,43.23,28.39,0.01,1.04,0.3,11.5,45.23,33.61,35.14,71.27,10.36,0.05,
2018-11-08,51.51,43.23,0.01,0.84,0.75,5.87,48.0,30.5,36.26,97.64,15.03,0.07,
2018-11-09,56.85,51.51,0.04,1.07,2.03,20.08,57.93,47.24,26.53,111.28,12.3,0.11,0.1
2018-11-10,68.25,56.85,0.03,0.82,2.73,16.11,62.91,46.64,27.44,115.5,18.89,0.09,0.1
2018-11-11,84.48,68.25,0.08,1.22,3.53,15.11,65.0,46.85,30.3,129.41,25.14,0.29,0.1
2018-11-12,77.38,84.48,0.1,1.21,3.19,14.25,80.74,54.62,33.39,164.24,30.44,0.39,0.25
2018-11-13,71.23,77.38,0.09,1.15,4.88,22.55,75.54,58.58,35.94,173.47,30.69,0.29,0.16
2018-11-14,38.29,71.23,0.12,1.48,3.45,15.11,89.44,59.86,32.4,160.66,38.91,0.56,0.2
2018-11-15,15.69,38.29,0.08,1.32,7.46,6.56,64.69,40.04,43.96,93.11,24.47,0.09,
2018-11-16,16.21,15.69,0.01,0.73,8.41,15.32,46.68,37.45,18.09,43.67,10.63,0.06,0.1
2018-11-17,19.48,16.21,0.01,0.87,8.82,13.93,43.42,34.5,17.51,48.0,7.51,0.07,
2018-11-18,26.8,19.48,0.01,0.84,10.76,14.56,35.92,30.95,15.47,46.57,7.49,0.07,0.1
2018-11-19,48.35,26.8,0.0,1.03,9.87,5.44,38.81,25.15,22.63,66.67,9.65,0.04,
2018-11-20,50.02,48.35,0.0,1.07,10.18,3.87,38.27,23.58,35.86,100.01,12.15,0.04,
2018-11-21,59.2,50.02,0.02,0.89,7.09,3.59,47.93,28.6,43.61,100.82,16.66,0.08,
2018-11-22,56.0,59.2,0.05,0.86,6.46,5.92,60.41,37.34,39.89,112.7,31.55,0.16,
2018-11-23,51.25,56.0,0.1,1.43,4.5,11.95,87.35,58.15,59.8,112.5,13.65,0.1,
2018-11-24,78.19,51.25,0.04,1.08,2.1,2.74,82.32,46.02,57.6,107.69,20.63,0.01,
2018-11-25,85.11,78.19,0.05,1.32,3.41,5.87,78.98,46.8,50.12,183.0,19.96,0.08,0.1
2018-11-26,93.95,85.11,0.1,1.28,3.61,9.11,97.16,59.17,37.99,183.15,17.17,0.23,0.11
2018-11-27,80.96,93.95,0.11,1.81,3.81,19.47,105.22,71.79,39.9,190.73,20.78,0.3,0.15
2018-11-28,52.64,80.96,0.12,1.51,2.95,4.73,89.01,51.18,41.41,152.44,15.71,0.26,0.11
2018-11-29,60.52,52.64,0.09,1.84,2.12,3.64,66.83,38.5,49.85,97.29,19.81,0.04,
2018-11-30,77.86,60.52,0.05,0.9,6.0,6.73,81.64,48.91,33.93,154.02,39.76,0.17,0.13
2018-12-01,70.89,77.86,0.1,1.16,4.66,10.69,90.28,56.71,22.45,159.49,14.21,0.5,0.13
2018-12-02,74.34,70.89,0.07,1.17,1.79,3.58,68.12,39.14,29.82,125.4,13.87,0.44,0.12
2018-12-03,97.09,74.34,0.09,1.09,3.38,4.54,69.78,40.81,33.95,129.57,14.03,0.12,0.1
2018-12-04,89.63,97.09,0.1,1.11,1.52,4.09,86.95,49.58,33.03,143.69,13.62,0.12,0.12
2018-12-05,86.92,89.63,0.1,1.6,10.9,4.32,76.89,44.42,32.5,137.58,14.31,0.21,
2018-12-06,100.1,86.92,0.09,1.11,8.52,4.57,85.21,49.04,35.15,139.02,13.06,0.08,
2018-12-07,110.12,100.1,0.1,0.76,6.31,4.45,92.4,52.76,27.99,155.25,10.86,0.11,
2018-12-08,111.21,110.12,0.1,1.37,8.66,5.15,92.9,53.61,33.26,172.67,11.12,0.05,
2018-12-09,107.24,111.21,0.06,1.47,10.99,4.42,76.7,44.4,31.17,170.04,10.17,0.06,0.1
2018-12-10,89.07,107.24,0.09,1.14,13.91,5.85,72.27,43.16,28.5,162.72,9.58,0.04,0.1
2018-12-11,93.1,89.07,0.07,1.23,17.31,5.59,72.19,42.93,29.51,160.83,11.7,0.05,0.1
2018-12-12,76.94,93.1,0.1,0.97,16.59,5.46,77.58,45.71,33.59,163.9,13.75,0.11,
2018-12-13,90.61,76.94,0.1,0.97,15.05,6.68,79.86,47.92,29.35,160.28,18.13,0.16,0.14
2018-12-14,96.57,90.61,0.11,1.07,16.85,5.37,74.89,44.2,31.59,164.19,17.68,0.3,0.15
2018-12-15,78.15,96.57,0.11,1.1,18.28,3.33,57.77,33.44,39.75,174.31,23.81,0.11,0.1
2018-12-16,19.26,78.15,0.07,0.96,20.78,3.6,50.62,29.86,26.46,137.52,23.87,0.15,
2018-12-17,10.89,19.26,0.0,0.7,21.15,2.0,30.38,17.79,18.91,22.54,10.94,0.0,
2018-12-18,16.38,10.89,0.0,0.45,22.45,2.2,28.6,17.01,17.5,19.98,12.41,0.0,
2018-12-19,30.48,16.38,0.0,0.67,23.12,4.77,39.69,24.99,19.12,33.04,44.59,0.01,
2018-12-20,48.88,30.48,0.03,1.28,20.44,9.24,67.05,43.17,22.1,69.23,57.72,0.07,0.1
2018-12-21,55.24,48.88,0.06,0.94,19.24,6.61,63.12,38.95,23.97,84.99,29.45,0.16,0.11
2018-12-22,83.4,55.24,0.07,1.17,17.93,3.65,55.65,32.57,27.34,81.9,13.62,0.15,0.1
2018-12-23,93.78,83.4,0.08,1.0,20.01,2.86,46.47,27.04,32.68,121.25,12.32,0.21,0.1
2018-12-24,92.72,93.78,0.1,1.34,19.51,5.55,67.51,40.43,29.16,142.65,42.75,0.21,0.1
2018-12-25,76.48,92.72,0.1,1.16,19.49,13.43,77.45,52.11,24.79,135.61,20.19,0.22,0.11
2018-12-26,50.45,76.48,0.05,1.08,18.65,12.45,69.63,47.16,24.73,114.53,13.32,0.05,
2018-12-27,73.19,50.45,0.0,0.89,21.42,5.44,51.24,31.68,27.83,87.25,10.45,0.01,
2018-12-28,82.53,73.19,0.07,0.92,21.66,13.43,69.17,47.7,22.5,127.1,25.43,0.22,0.1
2018-12-29,95.18,82.53,0.09,1.01,21.34,5.44,67.17,40.16,24.03,145.06,28.57,0.19,0.13
2018-12-30,79.29,95.18,0.1,1.34,15.29,4.57,76.4,44.35,30.68,154.73,33.25,0.36,0.15
2018-12-31,83.17,79.29,0.09,1.1,15.82,4.24,74.24,42.93,28.79,136.71,40.52,0.23,0.16
2019-01-01,109.97,83.17,0.1,1.09,15.16,6.56,83.38,49.69,24.84,140.9,30.85,0.21,0.11
2019-01-02,139.38,109.97,0.11,1.38,10.65,13.93,124.57,77.59,30.25,189.28,48.92,0.25,0.13
2019-01-03,126.47,139.38,0.13,1.24,8.7,35.59,140.17,103.49,20.87,230.27,42.26,0.58,0.13
2019-01-04,127.94,126.47,0.12,1.43,9.27,9.48,106.1,64.14,26.24,187.83,15.29,0.25,0.1
2019-01-05,126.66,127.94,0.11,1.33,11.1,6.73,92.41,54.63,28.51,196.3,15.9,0.31,0.1
2019-01-06,121.47,126.66,0.12,1.45,13.66,9.63,94.51,58.1,26.07,184.73,11.75,0.22,0.1
2019-01-07,118.17,121.47,0.12,1.5,13.63,17.24,103.31,68.98,24.55,215.5,16.53,0.31,0.1
2019-01-08,97.45,118.17,0.1,1.25,11.21,36.87,121.38,94.54,21.18,219.63,39.68,0.25,0.13
2019-01-09,115.23,97.45,0.09,0.86,10.39,12.68,121.94,75.16,27.23,225.75,66.39,0.16,0.18
2019-01-10,121.81,115.23,0.11,0.78,7.38,14.96,113.39,72.47,20.07,198.47,9.43,0.23,0.13
2019-01-11,99.69,121.81,0.1,0.96,8.62,11.17,100.16,62.36,24.73,193.4,10.56,0.15,0.1
2019-01-12,92.66,99.69,0.08,0.5,15.19,5.83,71.61,42.84,24.22,157.03,10.52,0.08,0.1
2019-01-13,116.99,92.66,0.07,0.64,17.36,4.86,57.32,34.44,25.51,146.49,12.33,0.18,0.1
2019-01-14,120.33,116.99,0.1,0.44,17.38,2.91,58.43,33.44,26.84,172.92,12.91,0.12,0.1
2019-01-15,108.43,120.33,0.08,1.02,17.46,5.68,60.37,36.74,21.83,182.65,26.39,0.14,0.11
2019-01-16,118.0,108.43,0.08,0.7,17.97,3.49,50.62,29.77,24.73,159.44,6.49,0.13,0.1
2019-01-17,107.94,118.0,0.1,0.82,16.97,3.46,58.6,33.99,24.69,174.01,13.73,0.18,0.1
2019-01-18,108.34,107.94,0.08,0.8,18.79,5.64,63.17,38.2,21.59,163.17,26.75,0.15,0.1
2019-01-19,96.45,108.34,0.09,0.72,22.53,13.44,61.22,43.49,23.64,173.27,11.71,0.13,0.1
2019-01-20,90.25,96.45,0.07,0.91,17.22,17.23,71.77,52.18,22.52,159.1,16.0,0.11,0.1
2019-01-21,100.34,90.25,0.06,0.55,18.38,7.53,64.26,40.3,25.31,141.29,14.8,0.09,
2019-01-22,62.75,100.34,0.06,0.85,20.43,20.01,60.14,48.26,24.82,165.55,13.57,0.08,0.1
2019-01-23,62.74,62.75,0.02,0.55,21.17,4.15,49.18,29.54,28.15,117.55,13.17,0.02,
2019-01-24,34.51,62.74,0.04,0.87,20.36,6.36,43.14,28.2,20.37,108.94,11.48,0.04,0.1
2019-01-25,15.12,34.51,0.02,0.72,21.38,3.87,38.2,23.52,17.24,63.23,12.19,0.01,
2019-01-26,27.25,15.12,0.0,0.38,22.92,2.65,22.75,14.26,19.39,40.61,8.37,0.02,
2019-01-27,51.67,27.25,0.02,0.44,22.29,2.38,27.55,16.59,19.68,49.07,11.04,0.06,
2019-01-28,54.24,51.67,0.06,1.28,17.58,5.29,55.79,34.06,20.15,70.71,15.66,0.12,0.11
2019-01-29,47.81,54.24,0.04,0.98,17.76,5.5,56.1,34.39,25.38,87.78,27.99,0.05,0.1
2019-01-30,84.99,47.81,0.03,1.02,17.61,5.98,65.34,39.69,36.53,99.22,26.84,0.08,0.15
2019-01-31,63.05,84.99,0.07,1.39,12.16,5.14,71.78,42.43,47.94,137.17,15.58,0.14,0.1
2019-02-01,71.09,63.05,0.06,1.06,15.31,5.4,68.18,40.73,47.46,111.15,13.42,0.36,0.11
2019-02-02,76.78,71.09,0.06,1.15,14.32,29.13,85.01,68.98,40.2,128.56,10.68,0.1,0.1
2019-02-03,73.21,76.78,0.06,1.27,13.58,6.08,69.13,41.71,48.7,129.54,17.71,0.1,
2019-02-04,81.64,73.21,0.08,1.11,15.38,3.04,61.14,35.07,62.74,129.76,16.63,0.14,0.1
2019-02-05,81.71,81.64,0.08,1.58,14.61,13.08,83.44,55.08,43.18,146.56,12.92,0.19,0.1
2019-02-06,75.52,81.71,0.07,1.03,10.83,15.23,74.7,49.36,37.16,142.46,18.7,0.09,0.1
2019-02-07,58.02,75.52,0.05,0.74,10.97,7.69,25.85,20.1,32.23,125.82,12.37,0.06,0.1
2019-02-08,65.56,58.02,0.0,0.76,17.41,2.61,16.37,10.79,38.97,96.18,8.47,0.0,
2019-02-09,56.98,65.56,0.01,0.86,16.81,6.38,23.26,17.36,34.16,128.56,16.7,0.05,0.14
2019-02-10,74.5,56.98,0.01,0.52,13.91,1.02,16.86,9.76,32.14,148.8,10.21,0.06,
2019-02-11,66.61,74.5,0.01,0.66,16.46,3.19,17.12,11.14,39.91,119.5,10.22,0.02,
2019-02-12,70.86,66.61,0.02,0.66,13.97,4.03,26.18,17.28,39.63,121.81,9.84,0.05,
2019-02-13,69.96,70.86,0.06,0.74,14.9,3.01,28.42,17.6,41.96,142.17,10.43,0.1,0.1
2019-02-14,60.11,69.96,0.05,0.84,16.42,15.49,35.52,31.56,37.99,130.91,9.78,0.08,0.11
2019-02-15,33.9,60.11,0.02,0.7,16.94,2.29,22.82,13.91,40.95,101.22,6.98,0.02,0.1
2019-02-16,31.75,33.9,0.0,0.55,14.52,2.59,15.97,10.54,32.91,64.61,7.78,0.01,
2019-02-17,34.8,31.75,0.0,0.54,12.92,1.38,13.31,8.16,27.85,58.96,13.52,0.01,
2019-02-18,32.07,34.8,0.0,0.59,10.31,7.55,17.35,15.37,24.83,72.77,12.99,0.0,
2019-02-19,30.32,32.07,0.0,0.72,11.98,8.59,17.16,16.19,19.85,63.36,10.51,0.0,
2019-02-20,38.35,30.32,0.0,0.58,9.84,7.19,15.26,14.04,24.21,66.4,10.5,0.01,
2019-02-21,36.92,38.35,0.0,0.72,9.69,18.66,21.18,26.51,27.25,95.79,8.3,0.04,0.15
2019-02-22,43.16,36.92,0.0,0.64,10.43,26.53,25.18,35.05,30.4,106.73,14.78,0.04,0.1
2019-02-23,42.51,43.16,0.02,0.8,9.94,43.76,28.73,50.94,31.72,149.98,9.67,0.07,0.11
2019-02-24,33.88,42.51,0.02,0.53,13.1,18.77,24.64,28.36,35.13,121.35,14.5,0.05,0.12
2019-02-25,22.47,33.88,0.0,0.51,14.69,3.59,18.86,13.05,30.89,80.8,13.5,0.01,0.1
2019-02-26,14.78,22.47,0.0,0.46,11.9,3.89,12.56,9.93,19.85,52.83,11.27,0.0,
2019-02-27,20.92,14.78,0.0,0.4,9.17,2.82,8.15,6.69,23.58,39.26,10.43,0.01,
2019-02-28,27.08,20.92,0.0,0.56,9.1,3.23,13.32,9.81,25.36,49.94,15.85,0.01,0.1
2019-03-01,23.72,27.08,0.0,0.52,11.97,2.49,9.07,6.97,33.63,59.54,11.04,0.01,
2019-03-02,22.49,23.72,0.0,0.44,10.79,2.9,8.11,6.76,27.48,51.79,8.55,0.0,
2019-03-03,21.59,22.49,0.0,0.43,11.3,5.46,12.0,10.75,23.63,54.86,5.49,0.0,
2019-03-04,34.44,21.59,0.0,0.41,11.85,2.9,10.62,8.02,19.77,52.32,11.52,0.0,
2019-03-05,49.2,34.44,0.0,0.5,12.13,3.11,13.02,9.5,33.17,76.9,14.74,0.01,
2019-03-06,42.1,49.2,0.08,0.69,12.82,2.37,16.7,10.86,44.06,116.27,15.37,0.18,0.16
2019-03-07,16.39,42.1,2.25,0.57,13.14,1.68,13.22,8.24,44.93,87.51,11.6,4.15,0.74
2019-03-08,12.88,16.39,1.7,0.62,11.34,2.15,8.68,6.38,31.2,53.9,10.98,4.48,0.42
2019-03-09,10.66,12.88,1.38,0.69,11.03,2.82,9.92,7.57,29.66,59.01,12.43,5.33,0.54
2019-03-10,12.77,10.66,1.05,0.35,9.45,4.02,8.02,7.5,22.33,47.74,12.07,4.23,0.34
2019-03-11,27.0,12.77,0.95,0.53,8.86,2.6,8.45,6.56,22.67,50.79,14.06,3.31,0.29
2019-03-12,32.79,27.0,1.01,0.41,9.74,5.03,15.67,12.51,27.15,90.58,13.33,6.81,0.67
2019-03-13,39.77,32.79,0.86,0.4,11.1,4.4,17.4,12.91,31.25,104.04,9.21,4.9,0.37
2019-03-14,43.78,39.77,1.07,0.45,9.4,14.09,24.88,24.78,27.19,129.33,8.16,9.76,1.02
2019-03-15,40.96,43.78,1.03,0.64,9.87,6.29,19.29,15.47,29.47,124.06,11.35,6.87,0.58
2019-03-16,40.08,40.96,1.46,0.46,10.37,4.18,14.19,11.01,22.03,101.35,7.42,5.11,0.44
2019-03-17,22.52,40.08,1.74,0.58,11.63,6.5,14.86,12.92,28.04,93.9,7.89,9.37,0.68
2019-03-18,22.09,22.52,1.17,0.56,7.71,7.47,13.59,13.38,21.12,69.14,10.99,4.07,0.33
2019-03-19,25.39,22.09,1.87,0.68,6.44,2.18,9.6,6.94,29.78,53.31,9.51,3.29,0.26
2019-03-20,21.71,25.39,4.88,0.7,7.63,2.04,7.75,5.44,32.42,49.43,9.14,2.68,2.27
2019-03-21,23.56,21.71,1.7,0.5,7.09,1.13,6.24,4.23,36.81,43.12,7.63,2.82,0.13
2019-03-22,23.68,23.56,1.18,0.53,5.6,2.86,12.03,8.56,29.46,53.08,10.27,3.57,0.28
2019-03-23,17.99,23.68,1.4,0.53,5.75,9.37,14.63,15.49,29.24,64.65,8.61,4.5,0.38
2019-03-24,17.03,17.99,1.46,0.47,6.06,2.41,8.02,5.87,29.02,48.09,9.11,3.2,0.2
2019-03-25,20.58,17.03,1.51,0.5,5.53,2.89,10.15,7.82,21.8,46.96,13.84,3.77,0.25
2019-03-26,24.0,20.58,1.2,0.49,5.76,3.09,9.93,7.87,21.95,51.83,10.38,3.07,0.21
2019-03-27,27.44,24.0,1.09,0.54,7.15,2.23,10.84,7.69,32.91,60.54,12.07,3.83,0.24
2019-03-28,24.11,27.44,1.18,0.54,6.62,3.41,12.49,9.43,28.07,70.3,12.69,3.54,0.3
2019-03-29,28.43,24.11,1.08,0.45,6.81,2.56,9.81,7.4,30.44,65.16,8.19,2.73,0.21
2019-03-30,33.0,28.43,1.26,0.56,8.36,1.74,9.49,6.53,42.66,60.07,17.06,2.14,0.18
2019-03-31,37.09,33.0,0.69,0.58,7.66,1.11,9.26,5.64,34.64,72.26,16.56,3.43,0.22
2019-04-01,30.05,37.09,0.52,0.69,7.56,1.55,7.48,4.74,38.42,70.85,12.4,3.58,0.15
2019-04-02,20.75,30.05,1.13,0.71,6.27,1.54,8.62,5.72,31.67,62.5,14.7,2.43,0.22
2019-04-03,13.97,20.75,1.09,0.48,6.03,1.4,5.59,4.08,25.97,45.07,9.15,1.72,0.15
2019-04-04,18.72,13.97,1.33,0.64,5.55,3.77,7.21,6.99,20.32,39.04,10.24,2.13,0.23
2019-04-05,22.07,18.72,1.06,0.67,5.8,3.12,6.06,5.7,28.03,50.84,13.03,2.11,0.15
2019-04-06,19.4,22.07,0.51,0.62,6.21,2.2,5.25,3.94,40.3,63.47,12.96,2.03,0.16
2019-04-07,13.49,19.4,0.8,0.76,4.36,1.42,7.03,4.48,38.75,55.83,10.88,1.6,0.15
2019-04-08,20.68,13.49,0.69,0.57,4.21,1.45,4.2,3.38,22.15,34.05,12.69,1.25,0.13
2019-04-09,16.52,20.68,0.71,0.63,4.22,1.56,4.48,3.53,26.79,38.77,10.9,1.43,0.12
2019-04-10,15.91,16.52,0.67,0.61,4.47,1.14,3.14,2.26,39.57,36.76,8.92,2.24,0.12
2019-04-11,17.24,15.91,0.63,0.4,3.7,0.46,2.04,0.86,33.05,33.28,13.09,1.54,0.12
2019-04-12,25.87,17.24,0.78,0.58,3.95,2.53,5.32,4.04,30.87,43.11,14.02,2.17,0.16
2019-04-13,15.77,25.87,0.67,0.39,3.98,2.4,9.61,6.54,46.66,89.0,11.84,2.74,0.25
2019-04-14,23.75,15.77,0.62,0.36,3.86,1.12,6.04,4.03,28.78,50.12,14.45,1.37,0.14
2019-04-15,25.36,23.75,0.33,0.64,3.49,1.94,11.38,7.46,19.94,68.9,18.42,2.13,0.18
2019-04-16,32.7,25.36,0.67,0.65,4.81,2.19,20.61,12.25,20.53,81.59,22.54,2.07,0.21
2019-04-17,20.21,32.7,0.52,0.54,7.6,2.19,17.13,10.91,25.28,91.22,15.71,2.02,0.18
2019-04-18,11.55,20.21,0.16,0.51,6.54,2.65,13.78,9.52,26.51,57.8,10.6,3.11,0.14
2019-04-19,9.39,11.55,0.19,0.59,7.05,3.35,13.27,9.6,26.46,37.66,12.58,2.64,0.12
2019-04-20,9.77,9.39,0.27,0.35,4.58,2.81,12.29,8.89,24.65,36.94,17.07,2.25,0.14
2019-04-21,21.38,9.77,0.01,0.32,3.34,1.48,12.59,7.81,28.75,35.42,21.81,2.55,0.14
2019-04-22,24.68,21.38,0.39,0.48,4.32,2.29,19.85,11.65,39.42,75.6,23.3,2.28,0.23
2019-04-23,17.58,24.68,0.41,0.58,3.97,8.38,29.05,22.21,23.73,132.02,16.03,3.95,0.48
2019-04-24,28.05,17.58,0.25,0.48,4.04,2.68,18.08,11.89,27.14,59.05,12.66,2.73,0.21
2019-04-25,27.98,28.05,0.24,0.48,6.85,4.67,18.74,13.85,25.81,84.5,12.78,1.43,0.13
2019-04-26,23.32,27.98,0.19,0.51,8.01,2.79,18.31,12.1,34.54,79.71,8.71,1.79,0.13
2019-04-27,15.52,23.32,0.38,0.66,5.65,1.97,16.88,10.58,34.16,70.68,16.4,1.13,0.11
2019-04-28,12.11,15.52,0.11,0.42,4.67,2.16,15.11,9.79,23.72,46.14,13.67,1.33,0.18
2019-04-29,19.03,12.11,0.06,0.31,4.07,2.1,15.46,9.94,23.43,40.82,12.72,1.73,0.13
2019-04-30,27.18,19.03,0.05,0.4,4.84,1.99,19.23,11.85,35.2,60.71,13.57,1.84,0.18
2019-05-01,38.9,27.18,0.45,0.64,3.53,2.87,23.54,14.82,38.05,93.8,26.8,2.85,0.27
2019-05-02,57.73,38.9,0.57,0.98,3.52,1.76,27.29,16.03,56.99,111.93,16.06,3.44,0.37
2019-05-03,44.49,57.73,0.7,0.78,5.61,3.54,35.92,21.98,58.87,211.34,16.59,5.18,0.51
2019-05-04,39.76,44.49,0.35,0.53,7.12,1.17,22.32,12.89,67.99,163.62,16.97,2.22,0.38
2019-05-05,47.3,39.76,0.35,0.52,6.0,1.12,23.24,13.25,69.15,152.97,15.33,1.97,0.18
2019-05-06,39.81,47.3,0.3,0.64,7.92,1.53,20.22,12.09,68.43,136.76,22.25,2.17,0.15
2019-05-07,49.19,39.81,0.14,0.44,7.81,1.14,18.58,10.81,51.98,138.9,13.03,1.37,0.12
2019-05-08,40.38,49.19,0.48,0.77,4.26,0.95,26.89,13.92,73.55,155.58,25.9,4.0,0.2
2019-05-09,44.65,40.38,0.34,0.7,5.75,1.4,24.31,13.78,74.3,112.93,30.4,2.48,0.18
2019-05-10,35.5,44.65,0.34,0.63,7.06,1.63,19.79,12.0,54.72,114.79,19.26,2.48,0.12
2019-05-11,41.0,35.5,0.33,0.59,6.98,1.74,19.29,11.72,49.82,98.4,17.83,1.68,0.12
2019-05-12,36.14,41.0,0.45,0.78,5.35,1.15,37.0,20.6,37.05,122.0,23.6,3.7,0.35
2019-05-13,40.41,36.14,0.17,0.78,6.69,1.82,19.59,12.05,45.48,103.71,23.1,1.68,0.1
2019-05-14,34.12,40.41,0.06,0.5,4.15,1.99,21.47,13.17,43.31,102.09,25.09,1.6,0.11
2019-05-15,41.62,34.12,0.14,0.7,6.69,1.7,19.98,12.12,42.21,88.79,24.2,1.32,0.11
2019-05-16,43.1,41.62,0.23,0.53,4.91,1.93,20.32,12.54,43.36,95.91,21.47,2.08,0.12
2019-05-17,35.3,43.1,0.31,0.67,5.96,2.0,21.71,13.26,42.13,96.34,24.72,1.77,0.16
2019-05-18,40.35,35.3,0.06,0.47,4.32,0.8,17.33,9.84,44.47,89.42,17.09,1.16,0.11
2019-05-19,32.33,40.35,0.06,0.53,4.17,0.91,18.93,10.8,45.97,94.6,23.95,1.32,0.11
2019-05-20,24.95,32.33,0.15,0.61,4.01,1.83,19.42,11.91,34.54,78.4,21.27,1.24,0.11
2019-05-21,32.3,24.95,0.1,0.49,3.36,1.86,20.68,12.51,19.84,74.2,16.73,1.17,0.14
2019-05-22,30.42,32.3,0.11,0.79,3.7,2.18,18.38,11.7,41.48,85.04,27.47,1.27,0.1
2019-05-23,36.5,30.42,0.21,0.72,3.25,1.27,16.96,10.05,30.35,76.95,13.67,1.02,0.11
2019-05-24,40.04,36.5,0.17,0.63,3.8,1.5,17.83,10.77,37.15,84.57,14.71,1.46,0.11
2019-05-25,40.51,40.04,0.21,0.89,4.07,1.7,17.31,10.2,48.85,98.75,18.61,1.82,0.11
2019-05-26,38.88,40.51,0.14,0.51,3.35,0.71,16.93,9.55,54.63,99.45,14.62,1.55,0.14
2019-05-27,36.31,38.88,0.14,0.47,4.51,1.31,18.0,10.69,51.56,86.09,13.86,1.27,0.11
2019-05-28,38.7,36.31,0.14,0.52,4.47,1.47,18.03,10.88,42.23,77.21,17.79,1.09,0.11
2019-05-29,33.52,38.7,0.14,0.48,4.22,1.45,16.29,9.94,42.04,82.24,15.76,1.06,0.11
2019-05-30,36.8,33.52,0.23,0.57,3.85,2.11,26.44,15.85,45.17,79.78,19.96,2.96,0.15
2019-05-31,41.89,36.8,0.03,0.51,4.06,0.97,17.39,10.05,48.97,75.96,14.55,1.06,0.12
2019-06-01,41.47,41.89,0.16,0.77,4.84,1.66,22.98,13.65,39.43,99.66,17.7,1.62,0.19
2019-06-02,31.52,41.47,0.05,0.5,4.59,0.72,18.25,10.27,54.72,90.61,16.21,1.29,0.13
2019-06-03,39.73,31.52,0.13,0.45,4.0,1.39,20.17,11.91,43.53,73.42,18.1,1.09,0.13
2019-06-04,36.24,39.73,0.17,0.95,3.61,1.54,27.54,15.99,42.88,104.78,17.17,2.37,0.24
2019-06-05,24.16,36.24,0.06,0.46,4.56,0.66,19.93,10.94,54.64,84.55,21.35,1.09,0.11
2019-06-06,23.12,24.16,0.28,0.53,12.18,1.81,26.79,9.83,41.27,59.22,26.62,1.46,0.16
2019-06-07,31.95,23.12,0.15,0.52,5.86,1.52,24.2,13.97,56.71,57.48,23.46,1.38,0.12
2019-06-08,26.02,31.95,0.03,0.58,7.52,2.87,26.2,16.27,55.48,71.15,17.18,1.32,0.14
2019-06-09,22.19,26.02,0.07,0.52,5.5,0.73,20.95,11.65,75.1,66.47,15.99,1.06,0.12
2019-06-10,13.91,22.19,0.13,0.5,5.06,2.62,25.07,15.42,62.52,63.59,18.35,1.19,0.18
2019-06-11,11.81,13.91,0.08,0.37,4.78,3.61,24.16,15.86,44.59,48.33,14.02,1.26,0.12
2019-06-12,10.02,11.81,0.09,0.34,4.69,5.0,29.99,20.12,41.43,43.2,13.82,1.65,0.13
2019-06-13,9.55,10.02,0.2,0.49,3.35,4.88,33.11,21.72,38.1,31.73,17.28,2.31,0.1
2019-06-14,17.42,9.55,0.27,0.36,2.09,3.23,24.02,15.47,32.84,31.71,16.48,1.13,0.12
2019-06-15,19.25,17.42,0.08,0.38,3.49,1.53,18.88,11.36,38.49,69.93,14.79,0.96,0.2
2019-06-16,23.99,19.25,0.22,0.31,2.01,0.8,18.26,10.36,47.37,71.73,9.68,1.39,0.1
2019-06-17,23.62,23.99,0.18,0.49,4.94,3.71,28.19,18.1,30.27,66.09,14.94,3.67,0.18
2019-06-18,21.28,23.62,0.27,0.46,2.85,7.98,36.52,26.01,30.54,68.06,13.66,3.55,0.44
2019-06-19,14.03,21.28,0.27,0.44,4.57,2.87,27.95,16.23,38.25,72.04,18.83,3.08,0.19
2019-06-20,17.9,14.03,0.28,0.45,4.45,3.87,25.45,16.74,34.87,40.6,18.94,1.73,0.14
2019-06-21,17.07,17.9,0.18,0.57,4.79,2.87,29.14,17.92,32.98,39.22,16.39,2.02,0.15
2019-06-22,13.45,17.07,0.04,0.5,5.54,1.54,25.75,15.04,36.19,40.3,16.01,1.81,5.99
2019-06-23,15.93,13.45,0.06,0.46,4.77,1.0,24.16,13.66,40.53,34.6,14.9,1.31,0.2
2019-06-24,19.8,15.93,0.11,0.43,5.4,1.43,20.53,12.15,42.92,32.7,16.53,1.04,0.11
2019-06-25,21.45,19.8,0.08,0.76,4.41,2.36,30.66,18.32,38.26,34.77,14.36,2.31,0.28
2019-06-26,12.45,21.45,0.08,0.73,4.23,4.83,36.24,23.3,24.68,38.36,17.88,2.16,0.31
2019-06-27,9.57,12.45,0.1,0.53,3.09,3.08,26.62,16.74,27.85,30.36,17.43,1.04,0.17
2019-06-28,8.23,9.57,0.07,0.36,3.36,2.1,22.0,13.49,32.37,26.83,19.5,0.44,0.1
2019-06-29,11.55,8.23,0.05,0.32,2.82,1.72,20.71,12.5,32.91,21.73,18.01,0.23,
2019-06-30,13.4,11.55,0.03,0.35,2.1,1.2,22.16,12.76,40.21,25.16,17.0,0.41,0.1
2019-07-01,12.05,13.4,0.11,0.42,2.9,4.39,29.37,19.27,29.58,23.95,16.27,0.91,0.24
2019-07-02,14.54,12.05,0.07,0.59,2.4,6.49,29.88,21.26,23.41,24.42,13.78,0.72,0.12
2019-07-03,8.4,14.54,0.09,0.61,2.68,7.23,30.62,22.26,27.29,32.83,12.6,0.67,0.1
2019-07-04,10.31,8.4,0.27,0.57,2.7,11.11,30.36,25.27,26.69,21.46,14.32,0.83,0.16
2019-07-05,13.91,10.31,0.23,0.62,2.46,8.27,25.22,20.23,22.99,22.14,16.24,1.38,0.59
2019-07-06,15.17,13.91,0.21,0.58,3.43,2.55,18.0,11.62,26.64,38.67,18.86,0.49,0.16
2019-07-07,13.1,15.17,0.09,0.39,1.28,0.93,18.2,10.43,30.24,40.56,23.12,0.56,0.16
2019-07-08,11.3,13.1,0.17,0.33,1.91,2.64,22.88,14.4,25.83,34.85,17.88,0.97,0.17
2019-07-09,13.03,11.3,0.11,0.28,1.62,4.61,23.47,16.32,27.47,31.96,17.09,0.82,0.15
2019-07-10,11.17,13.03,0.15,0.51,2.13,5.45,25.64,18.15,32.1,29.59,20.09,1.14,0.11
2019-07-11,11.65,11.17,0.2,0.34,2.44,5.24,26.2,18.29,26.88,25.03,23.89,1.2,0.11
2019-07-12,17.22,11.65,0.15,0.56,2.06,5.28,22.68,16.42,25.94,27.15,22.58,2.15,0.18
2019-07-13,12.68,17.22,0.2,0.42,3.6,1.25,4.58,3.13,36.77,34.78,14.79,1.3,0.25
2019-07-14,10.73,12.68,0.03,0.4,2.84,0.74,3.7,2.34,31.62,20.52,15.89,0.56,0.17
2019-07-15,14.44,10.73,0.12,0.36,2.99,2.92,9.95,7.26,32.13,22.63,16.35,1.45,0.22
2019-07-16,21.86,14.44,0.18,0.47,2.72,4.68,17.05,12.96,27.69,40.44,15.46,2.6,0.29
2019-07-17,16.18,21.86,0.44,0.45,5.9,4.74,19.35,14.24,31.87,56.69,19.19,16.07,0.39
2019-07-18,22.28,16.18,0.18,0.43,5.05,3.29,16.01,11.13,35.8,39.97,12.93,2.28,0.21
2019-07-19,11.14,22.28,0.08,0.54,6.07,2.14,13.16,8.82,33.08,42.15,20.51,1.4,0.26
2019-07-20,14.72,11.14,0.05,0.44,5.5,1.11,5.65,3.93,37.65,18.23,13.82,1.13,0.26
2019-07-21,12.89,14.72,0.03,0.49,4.81,1.25,4.64,3.56,34.63,22.46,9.71,0.98,0.18
2019-07-22,13.53,12.89,0.09,0.5,4.25,2.53,9.64,7.23,29.49,26.39,15.68,1.26,0.2
2019-07-23,9.92,13.53,0.09,0.42,3.87,8.56,12.71,13.79,22.09,23.73,15.77,0.98,0.16
2019-07-24,11.23,9.92,0.11,0.32,3.02,2.09,7.06,5.44,24.9,23.28,9.04,0.85,0.12
2019-07-25,7.48,11.23,0.11,0.38,2.84,12.82,24.43,23.57,27.89,25.46,21.66,1.35,0.27
2019-07-26,12.52,7.48,0.09,0.38,3.4,4.57,10.04,8.96,20.01,15.84,12.51,0.96,0.15
2019-07-27,13.25,12.52,0.13,0.55,3.12,1.4,3.94,2.89,22.33,30.89,14.14,0.94,0.16
2019-07-28,10.89,13.25,0.0,0.33,2.17,0.65,2.08,1.4,22.05,37.61,12.58,0.38,0.1
2019-07-29,8.0,10.89,0.1,0.56,2.47,5.81,11.39,9.53,19.61,26.77,21.15,0.84,0.15
2019-07-30,10.62,8.0,0.19,0.31,1.87,5.36,10.03,9.41,22.5,22.87,14.72,0.98,0.13
2019-07-31,8.71,10.62,0.2,0.38,2.59,2.17,4.4,4.19,24.46,26.84,11.66,0.88,0.11
2019-08-01,6.85,8.71,0.06,0.39,2.43,1.77,4.43,3.76,20.11,21.35,13.83,0.5,0.21
2019-08-02,9.31,6.85,0.04,0.46,2.44,1.61,1.52,1.86,18.07,13.3,13.29,0.26,0.1
2019-08-03,9.09,9.31,0.09,0.32,4.4,1.48,3.35,2.36,20.23,19.98,11.83,0.36,0.1
2019-08-04,7.53,9.09,0.19,0.34,6.13,1.68,4.02,3.51,23.92,18.33,10.88,0.4,
2019-08-05,6.89,7.53,0.35,0.34,6.38,2.74,6.1,5.55,26.62,24.18,26.08,0.49,0.1
2019-08-06,7.35,6.89,0.06,0.34,6.28,2.96,6.48,5.95,21.06,13.83,13.35,0.61,0.12
2019-08-07,7.45,7.35,0.22,0.46,6.23,3.22,6.38,6.1,21.64,18.12,11.57,0.5,0.1
2019-08-08,10.88,7.45,0.29,0.27,6.31,3.47,7.66,6.99,22.68,19.56,11.94,0.5,0.1
2019-08-09,13.49,10.88,0.12,0.41,6.98,3.17,10.11,8.05,22.62,30.31,11.86,1.08,0.16
2019-08-10,16.6,13.49,0.29,0.5,7.17,2.45,7.57,6.12,27.18,37.83,19.01,0.78,0.28
2019-08-11,18.19,16.6,0.28,0.6,6.66,2.07,6.74,5.37,31.28,47.35,15.64,0.94,0.14
2019-08-12,,18.19,0.37,0.32,6.45,1.89,7.45,5.5,25.4,43.56,12.44,0.73,
2019-08-13,24.25,,,,,,,,,,,,
2019-08-14,24.56,24.25,0.21,1.31,10.3,4.37,15.26,11.85,35.45,52.38,12.16,2.75,0.71
2019-08-15,15.75,24.56,0.19,0.58,14.56,2.23,9.16,6.49,33.97,47.61,18.9,1.87,0.52
2019-08-16,17.54,15.75,0.16,0.4,12.08,2.8,9.34,7.33,36.06,34.12,28.32,1.66,0.17
2019-08-17,,17.54,0.28,0.42,13.57,2.74,9.58,7.48,28.25,31.8,20.69,3.35,0.12
2019-08-18,,,,,,,,,,,,,
2019-08-19,,,,,,,,,,,,,
2019-08-20,,,,,,,,,,,,,
2019-08-21,,,,,,,,,,,,,
2019-08-22,,,,,,,,,,,,,
2019-08-23,,,,,,,,,,,,,
2019-08-24,,,,,,,,,,,,,
2019-08-25,,,,,,,,,,,,,
2019-08-26,14.0,,,,,,,,,,,,
2019-08-27,15.8,14.0,0.18,0.55,9.73,6.39,22.75,17.3,32.56,42.0,6.44,1.24,0.22
2019-08-28,14.98,15.8,0.12,0.62,14.64,3.71,12.43,9.71,36.47,44.75,11.3,0.95,0.23
2019-08-29,10.11,14.98,0.12,0.47,15.31,4.5,13.97,11.18,29.78,36.58,14.17,0.75,0.14
2019-08-30,,10.11,0.13,0.45,24.24,23.03,14.19,14.12,23.09,23.08,16.84,0.99,0.13
2019-08-31,,,,,,,,,,,,,
2019-09-01,,,,,,,,,,,,,
2019-09-02,,,,,,,,,,,,,
2019-09-03,,,,,,,,,,,,,
2019-09-04,,,,,,,,,,,,,
2019-09-05,,,,,,,,,,,,,
2019-09-06,,,,,,,,,,,,,
2019-09-07,,,,,,,,,,,,,
2019-09-08,,,,,,,,,,,,,
2019-09-09,,,,,,,,,,,,,
2019-09-10,,,,,,,,,,,,,
2019-09-11,,,,,,,,,,,,,
2019-09-12,,,,,,,,,,,,,
2019-09-13,,,,,,,,,,,,,
2019-09-14,,,,,,,,,,,,,
2019-09-15,,,,,,,,,,,,,
2019-09-16,,,,,,,,,,,,,
2019-09-17,,,,,,,,,,,,,
2019-09-18,,,,,,,,,,,,,
2019-09-19,,,,,,,,,,,,,
2019-09-20,,,,,,,,,,,,,
2019-09-21,,,,,,,,,,,,,
2019-09-22,,,,,,,,,,,,,
2019-09-23,,,,,,,,,,,,,
2019-09-24,,,,,,,,,,,,,
2019-09-25,,,,,,,,,,,,,
2019-09-26,,,,,,,,,,,,,
2019-09-27,,,,,,,,,,,,,
2019-09-28,,,,,,,,,,,,,
2019-09-29,,,,,,,,,,,,,
2019-09-30,,,,,,,,,,,,,
2019-10-01,,,,,,,,,,,,,
2019-10-02,,,,,,,,,,,,,
2019-10-03,,,,,,,,,,,,,
2019-10-04,,,,,,,,,,,,,
2019-10-05,,,,,,,,,,,,,
2019-10-06,21.0,,,,,,,,,,,,
2019-10-07,23.31,21.0,0.11,0.45,20.39,2.21,12.32,6.04,37.42,34.78,16.43,0.86,0.24
2019-10-08,27.63,23.31,0.05,0.55,17.46,2.21,12.18,8.29,31.69,39.09,18.77,1.04,0.3
2019-10-09,21.05,27.63,0.15,0.89,17.92,3.3,11.48,8.92,31.23,44.01,18.89,1.48,0.26
2019-10-10,18.12,21.05,0.16,0.7,11.94,5.93,14.29,12.62,24.81,31.3,12.85,2.59,0.27
2019-10-11,7.09,18.12,0.12,0.46,12.69,5.09,11.78,10.49,17.41,33.96,14.24,2.45,0.54
2019-10-12,7.08,7.09,0.14,0.65,10.75,2.65,7.41,6.2,29.37,24.44,13.87,1.13,0.27
2019-10-13,9.79,7.08,0.05,0.45,9.64,3.19,7.96,6.83,26.75,21.25,13.99,1.45,0.37
2019-10-14,32.29,9.79,0.08,0.65,8.4,3.35,11.9,9.14,30.06,26.48,14.02,1.85,0.39
2019-10-15,40.0,32.29,0.37,0.72,12.43,2.67,12.02,8.66,47.76,56.07,15.53,4.97,0.46
2019-10-16,19.31,40.0,0.34,0.64,12.31,3.08,13.18,9.6,51.95,67.65,15.3,4.49,0.32
2019-10-17,9.48,19.31,0.26,0.52,10.32,5.32,13.02,11.34,28.81,36.71,11.22,4.8,0.42
2019-10-18,13.78,9.48,0.13,0.58,9.41,3.47,11.3,8.92,27.95,25.78,12.14,2.5,0.32
2019-10-19,8.12,13.78,0.21,0.47,10.25,3.08,10.61,8.24,29.61,24.72,11.83,3.14,0.24
2019-10-20,9.99,8.12,0.08,0.53,8.66,1.93,7.85,5.75,34.36,21.82,11.39,2.0,0.18
2019-10-21,9.29,9.99,0.2,0.72,8.36,3.25,12.56,9.33,29.54,25.65,8.72,3.97,0.22
2019-10-22,11.75,9.29,0.25,0.59,7.32,8.72,16.43,15.93,25.66,20.41,11.26,2.18,0.28
2019-10-23,7.14,11.75,0.15,0.72,8.03,3.84,13.51,10.4,23.48,23.54,10.68,1.74,0.16
2019-10-24,7.53,7.14,0.19,0.5,7.79,4.15,11.84,9.76,28.73,23.73,8.21,1.11,0.23
2019-10-25,11.82,7.53,0.14,0.46,7.21,3.75,10.7,8.83,25.04,26.41,5.29,1.46,0.16
2019-10-26,18.57,11.82,0.2,0.72,7.35,3.59,11.1,8.92,24.82,27.75,9.54,3.1,0.22
2019-10-27,38.32,18.57,0.23,0.76,8.32,3.0,9.97,7.46,22.53,36.29,14.66,3.37,0.22
2019-10-28,19.51,38.32,0.24,0.55,7.89,3.85,9.76,8.42,30.26,53.68,18.55,2.71,0.17
2019-10-29,18.54,19.51,0.22,0.65,8.33,3.98,13.01,10.25,29.36,39.12,15.46,3.84,0.24
2019-10-30,12.01,18.54,0.2,0.62,8.18,6.02,13.63,12.23,28.76,35.57,12.08,2.33,0.22
2019-10-31,12.95,12.01,0.27,0.64,6.44,7.47,13.82,13.43,25.6,28.41,11.34,4.01,0.29
2019-11-01,18.41,12.95,0.17,0.58,6.68,6.0,13.44,12.11,31.2,35.12,12.65,2.21,0.2
2019-11-02,42.98,18.41,0.16,0.6,7.12,7.8,11.45,12.51,31.08,39.48,11.51,1.6,0.16
2019-11-03,56.76,42.98,0.31,0.67,9.29,5.08,15.53,12.48,45.78,74.55,12.3,2.35,0.18
2019-11-04,78.45,56.76,0.44,0.68,10.74,4.62,20.7,14.85,41.87,101.39,17.89,5.99,0.21
2019-11-05,89.53,78.45,0.59,0.82,11.21,6.19,26.0,19.23,42.11,137.41,29.06,5.45,0.28
2019-11-06,85.95,89.53,0.79,0.89,13.0,4.0,22.79,15.39,42.72,148.15,20.75,9.7,0.27
2019-11-07,81.5,85.95,0.58,1.04,13.37,4.35,24.78,16.8,47.62,135.44,15.74,5.05,0.22
2019-11-08,77.93,81.5,0.46,0.93,13.9,3.06,20.13,13.3,52.53,128.86,21.32,4.72,0.17
2019-11-09,51.46,77.93,0.59,0.75,13.92,2.23,14.09,9.4,58.79,128.41,20.18,4.45,0.19
2019-11-10,39.26,51.46,0.49,0.64,11.48,1.84,12.24,8.01,44.89,82.75,11.75,2.46,0.12
2019-11-11,37.5,39.26,0.33,0.67,10.87,2.81,16.23,10.92,39.44,68.41,10.97,2.9,0.11
2019-11-12,45.41,37.5,0.22,0.91,10.74,4.33,20.42,14.47,34.42,69.2,11.84,2.58,0.16
2019-11-13,50.33,45.41,0.26,0.64,10.82,2.6,14.75,10.05,50.03,76.67,13.6,4.34,0.1
2019-11-14,60.86,50.33,0.36,0.93,10.46,3.02,16.68,11.42,59.48,91.06,10.82,2.64,0.24
2019-11-15,64.88,60.86,0.28,0.8,10.84,2.41,13.27,9.11,60.81,97.67,15.36,3.78,0.11
2019-11-16,63.97,64.88,0.35,1.04,11.54,2.5,15.42,10.32,47.96,104.25,15.4,4.66,0.17
2019-11-17,42.45,63.97,0.21,0.83,11.38,2.43,18.14,11.62,37.65,109.47,22.37,4.76,0.12
2019-11-18,62.31,42.45,0.16,0.81,10.74,2.7,14.32,9.89,37.44,72.25,15.71,2.7,0.14
2019-11-19,80.27,62.31,0.22,1.0,12.77,2.51,14.9,10.06,49.95,89.89,16.91,1.34,0.18
2019-11-20,63.19,80.27,0.31,0.79,13.44,2.34,12.84,8.83,60.68,113.24,14.86,1.85,0.12
2019-11-21,53.15,63.19,0.48,0.98,11.1,2.34,13.46,9.15,65.38,97.39,12.61,2.41,0.1
2019-11-22,63.39,53.15,0.6,0.65,9.58,2.74,15.54,10.58,55.76,87.02,7.74,12.8,0.11
2019-11-23,76.12,63.39,0.63,0.71,11.13,2.4,15.36,10.21,48.1,100.23,12.64,6.28,0.17
2019-11-24,83.5,76.12,0.66,0.83,11.83,1.96,16.19,10.21,51.68,111.89,13.3,8.57,0.17
2019-11-25,79.85,83.5,0.56,0.81,13.62,2.75,15.78,10.74,61.97,121.3,14.34,4.21,0.14
2019-11-26,68.76,79.85,0.73,1.15,13.29,2.61,16.51,10.24,62.87,124.9,17.76,3.13,0.16
2019-11-27,57.83,68.76,0.71,0.92,11.88,2.82,21.1,13.61,55.76,109.47,19.3,6.18,0.2
2019-11-28,35.69,57.83,0.4,0.78,10.05,2.46,14.13,9.61,51.67,88.67,15.1,2.13,0.15
2019-11-29,55.2,35.69,0.49,0.67,9.11,2.11,14.42,9.39,43.35,63.76,14.59,8.64,0.14
2019-11-30,65.14,55.2,0.21,0.81,11.27,2.55,12.3,8.72,44.15,86.24,18.46,4.76,0.1
2019-12-01,55.72,65.14,0.15,0.95,15.72,2.68,16.03,10.7,43.92,106.58,9.83,2.41,
2019-12-02,63.99,55.72,0.21,0.7,14.4,2.85,13.9,9.8,42.3,86.96,10.3,1.95,0.1
2019-12-03,77.57,63.99,0.28,0.72,17.28,2.93,14.49,10.18,43.47,97.97,14.19,2.0,0.1
2019-12-04,82.76,77.57,0.36,0.83,20.71,3.06,14.81,10.46,56.45,114.45,14.99,1.69,0.11
2019-12-05,90.54,82.76,0.85,0.78,18.82,3.15,22.64,14.7,55.26,122.21,29.74,8.1,0.14
2019-12-06,61.25,90.54,0.73,1.0,16.04,3.23,23.89,15.42,63.55,132.55,19.16,6.25,0.1
2019-12-07,36.75,61.25,0.86,0.95,12.59,3.05,19.42,12.92,60.61,98.77,17.57,7.98,
2019-12-08,24.96,36.75,0.18,0.56,11.52,2.46,12.29,8.54,42.28,63.62,12.2,2.81,
2019-12-09,39.12,24.96,0.24,0.52,10.42,4.02,15.4,11.55,37.78,49.69,13.35,7.47,
2019-12-10,51.44,39.12,0.71,0.77,14.14,5.93,24.73,17.97,34.82,69.06,10.8,8.37,0.13
2019-12-11,38.89,51.44,0.76,0.68,13.61,4.9,22.53,15.96,36.02,82.17,12.58,4.92,0.16
2019-12-12,35.8,38.89,0.88,0.62,13.46,3.95,18.7,13.15,36.73,66.08,10.22,12.73,0.15
2019-12-13,39.06,35.8,0.49,0.62,16.42,3.3,16.11,11.24,39.73,62.14,12.83,4.63,0.12
2019-12-14,47.53,39.06,0.44,0.55,14.38,2.22,13.1,8.77,41.66,63.53,13.87,12.72,0.1
2019-12-15,46.6,47.53,0.66,0.65,13.85,2.62,17.58,11.48,41.13,79.0,17.05,10.29,0.19
2019-12-16,67.15,46.6,0.59,0.62,14.81,4.18,17.93,12.93,43.5,78.44,18.96,6.47,0.18
2019-12-17,66.82,67.15,1.2,0.84,19.74,4.36,25.62,17.18,47.84,107.1,12.22,9.82,0.25
2019-12-18,83.16,66.82,1.3,0.75,19.94,2.43,17.15,11.09,53.85,105.01,12.67,12.96,0.23
2019-12-19,79.92,83.16,1.33,0.76,23.06,2.51,17.41,11.31,49.59,120.25,17.03,14.69,0.13
2019-12-20,83.64,79.92,0.87,0.9,20.43,2.56,19.92,12.69,43.53,119.82,23.63,3.69,0.15
2019-12-21,72.34,83.64,0.94,0.84,19.48,1.83,15.67,9.82,50.47,118.52,16.5,4.12,0.12
2019-12-22,72.99,72.34,0.75,0.71,18.4,1.6,13.46,8.46,56.41,103.82,17.81,5.72,0.11
2019-12-23,76.56,72.99,0.93,0.69,17.61,1.88,13.46,8.68,57.63,104.91,11.56,4.69,0.12
2019-12-24,84.51,76.56,0.98,0.82,16.52,1.87,14.77,9.37,56.77,115.06,14.21,5.28,0.11
2019-12-25,50.52,84.51,1.19,0.95,14.6,1.73,13.16,8.41,54.0,120.22,17.69,3.31,0.12
2019-12-26,41.79,50.52,0.89,0.59,13.24,2.37,14.79,9.79,32.95,81.46,13.86,2.1,0.12
2019-12-27,57.09,41.79,0.74,0.63,13.75,3.48,17.65,12.21,29.21,73.58,14.1,2.45,0.13
2019-12-28,74.45,57.09,0.92,0.78,15.74,2.19,15.8,10.17,35.44,88.15,9.56,2.46,0.12
2019-12-29,59.42,74.45,1.04,0.75,16.66,1.54,12.5,7.89,59.61,110.95,19.09,2.28,0.15
2019-12-30,49.5,59.42,0.87,0.92,14.39,1.63,12.73,8.09,63.08,90.44,20.55,6.68,0.15
2019-12-31,59.64,49.5,0.7,0.64,14.44,1.67,12.64,8.05,64.8,80.8,17.14,1.44,0.11
2020-01-01,42.46,59.64,0.89,0.77,14.99,1.67,12.12,7.81,57.26,88.85,17.53,3.38,0.12
2020-01-02,39.07,42.46,0.79,0.73,14.75,1.72,12.17,7.87,55.17,65.39,17.09,2.12,0.11
2020-01-03,22.79,39.07,0.77,0.69,14.43,1.81,13.53,8.67,43.7,62.93,22.14,3.4,0.17
2020-01-04,37.81,22.79,0.6,0.64,14.34,2.27,18.79,11.83,23.59,38.35,19.87,5.88,0.24
2020-01-05,38.82,37.81,0.6,0.63,20.69,1.73,12.98,8.31,36.53,56.66,14.68,1.94,0.14
2020-01-06,69.49,38.82,0.58,0.65,21.22,1.9,11.64,7.75,48.53,61.4,18.74,1.28,0.11
2020-01-07,53.32,69.49,0.71,0.68,20.46,1.95,12.04,8.0,59.37,97.7,17.89,1.24,0.1
2020-01-08,37.23,53.32,0.55,0.64,16.98,1.81,11.47,7.58,53.9,75.4,15.37,1.0,0.1
2020-01-09,51.22,37.23,0.5,0.53,15.63,1.83,13.23,8.52,46.31,62.09,13.54,0.92,0.11
2020-01-10,66.57,51.22,0.85,0.67,17.07,3.18,21.49,14.02,36.26,84.62,20.19,4.41,0.21
2020-01-11,78.28,66.57,0.65,0.76,18.55,1.91,16.47,10.31,37.24,100.98,18.45,2.92,0.19
2020-01-12,85.67,78.28,0.74,0.8,18.62,2.34,16.82,10.84,47.01,109.42,24.75,3.26,0.12
2020-01-13,82.66,85.67,1.08,0.95,20.95,2.61,20.64,13.1,47.84,121.55,32.97,5.83,0.22
2020-01-14,68.4,82.66,0.91,0.85,19.57,1.62,14.0,8.76,56.49,111.92,17.11,1.78,0.13
2020-01-15,56.44,68.4,0.79,0.76,19.03,1.72,11.06,7.27,48.09,90.93,18.33,1.9,0.13
2020-01-16,45.81,56.44,0.52,0.64,21.41,1.57,10.33,6.65,47.51,75.95,9.86,2.58,0.1
2020-01-17,31.59,45.81,0.52,0.66,15.1,2.1,11.52,7.83,44.3,66.69,15.86,1.06,0.1
2020-01-18,36.62,31.59,0.23,0.6,12.88,2.23,8.68,6.43,35.43,51.42,12.33,0.95,0.1
2020-01-19,31.22,36.62,0.26,0.69,13.99,2.01,10.43,7.18,35.86,58.14,16.57,0.79,0.1
2020-01-20,29.88,31.22,0.38,0.63,14.42,3.69,16.9,11.99,33.25,57.33,14.64,1.44,0.14
2020-01-21,37.56,29.88,0.41,0.63,16.82,4.31,15.62,11.81,35.92,55.3,14.09,1.34,0.14
2020-01-22,59.33,37.56,0.37,0.65,17.54,2.86,14.76,10.17,41.22,65.26,14.71,1.33,0.11
2020-01-23,61.4,59.33,0.43,0.75,18.24,3.08,17.94,12.04,40.9,93.3,18.29,1.41,0.15
2020-01-24,51.18,61.4,0.69,0.73,18.05,2.53,15.34,10.21,43.29,96.6,23.54,2.14,0.14
2020-01-25,38.39,51.18,0.49,0.64,18.53,1.67,11.66,7.55,46.21,76.33,18.69,0.9,0.1
2020-01-26,34.56,38.39,0.46,0.61,16.55,2.48,15.39,10.2,36.83,63.99,20.0,1.14,0.15
2020-01-27,33.62,34.56,0.42,0.57,17.89,2.89,16.51,11.14,44.57,62.65,19.73,0.92,0.13
2020-01-28,29.98,33.62,0.32,0.52,16.7,2.5,14.78,9.89,36.88,60.66,20.29,0.61,0.12
2020-01-29,32.18,29.98,0.23,0.52,17.48,2.24,9.21,6.72,32.35,51.68,12.76,0.36,0.11
2020-01-30,26.72,32.18,0.31,0.55,15.9,2.65,13.11,9.13,36.9,60.01,15.43,0.65,0.1
2020-01-31,21.22,26.72,0.34,0.49,15.51,3.71,15.53,11.29,32.28,53.9,19.06,0.8,0.12
2020-02-01,19.94,21.22,0.24,0.45,13.05,2.75,12.12,8.68,31.33,43.36,18.25,0.49,0.12
2020-02-02,24.44,19.94,0.26,0.47,13.25,2.1,10.35,7.22,31.97,42.27,13.38,0.91,0.13
2020-02-03,27.24,24.44,0.36,0.54,14.49,3.38,12.27,9.27,30.12,47.41,15.16,0.95,0.17
2020-02-04,25.74,27.24,0.36,0.52,14.24,3.19,14.18,10.14,32.33,49.64,16.38,0.82,0.17
2020-02-05,20.12,25.74,0.33,0.52,15.08,2.92,11.44,8.46,36.58,46.38,19.32,0.67,0.13
2020-02-06,16.85,20.12,0.38,0.52,14.0,4.32,14.78,11.37,27.59,42.08,15.01,1.08,0.17
2020-02-07,22.46,16.85,0.18,0.44,14.69,2.13,9.88,6.98,36.72,37.38,18.3,0.33,0.13
2020-02-08,38.73,22.46,0.23,0.38,15.98,1.94,10.81,7.33,35.46,41.78,20.25,0.33,0.1
2020-02-09,36.26,38.73,0.69,0.62,15.89,2.15,16.17,10.34,35.62,63.42,17.41,2.28,0.17
2020-02-10,45.14,36.26,0.58,0.53,18.78,2.36,14.25,9.51,46.43,56.64,17.68,1.45,0.12
2020-02-11,59.61,45.14,0.64,0.6,18.61,2.37,13.84,9.3,53.62,73.27,18.99,1.74,0.14
2020-02-12,61.24,59.61,0.74,0.67,19.76,2.4,17.03,11.02,55.77,94.82,21.32,3.79,0.13
2020-02-13,43.11,61.24,0.73,0.64,20.39,3.15,25.9,16.33,46.13,99.2,34.59,2.66,0.21
2020-02-14,64.53,43.11,0.45,0.52,18.22,2.24,16.21,10.44,46.64,76.55,23.05,1.41,0.13
2020-02-15,37.53,64.53,1.01,0.78,21.25,2.58,23.25,14.46,53.69,110.64,27.95,5.19,0.37
2020-02-16,29.12,37.53,0.41,0.44,21.98,1.97,14.1,9.09,40.59,64.2,15.75,1.1,0.14
2020-02-17,31.68,29.12,0.39,0.44,18.64,3.8,14.06,10.57,41.62,54.82,19.12,1.15,0.14
2020-02-18,40.98,31.68,0.46,0.48,18.14,2.77,14.53,9.98,37.94,62.23,20.98,1.51,0.18
2020-02-19,49.1,40.98,0.33,0.46,19.11,2.22,14.6,9.58,39.9,69.15,18.62,0.97,0.14
2020-02-20,35.92,49.1,0.31,0.44,17.4,2.17,12.98,8.68,49.28,74.88,17.74,0.67,0.14
2020-02-21,27.13,35.92,0.38,0.47,13.53,1.79,11.83,7.74,42.11,61.83,16.2,1.02,0.16
2020-02-22,34.81,27.13,0.49,0.48,10.6,1.78,12.98,8.34,39.74,54.16,20.2,6.94,0.13
2020-02-23,31.66,34.81,0.44,0.77,12.6,1.99,14.44,9.3,44.47,62.43,13.0,2.7,0.15
2020-02-24,24.86,31.66,0.18,0.62,14.42,1.94,9.29,6.53,46.68,53.22,15.94,1.19,0.12
2020-02-25,31.28,24.86,0.22,0.61,12.94,2.38,10.73,7.64,39.9,47.43,16.73,0.5,0.12
2020-02-26,38.85,31.28,0.43,0.81,15.78,2.46,13.15,8.99,40.48,59.42,19.56,1.57,0.18
2020-02-27,31.99,38.85,0.28,0.86,14.82,2.65,13.49,9.33,43.97,67.95,22.27,1.8,0.16
2020-02-28,35.99,31.99,0.43,0.66,14.0,2.22,10.99,7.67,51.47,57.18,23.6,1.47,0.11
2020-02-29,32.99,35.99,0.32,0.52,13.49,1.87,10.24,6.96,51.81,59.72,18.21,0.83,0.12
2020-03-01,39.84,32.99,0.26,0.48,12.67,1.68,8.29,5.77,52.32,56.46,19.32,0.5,0.13
2020-03-02,40.19,39.84,0.25,0.56,12.86,2.35,11.69,8.11,49.09,62.14,24.7,0.63,0.17
2020-03-03,35.95,40.19,0.27,0.58,12.84,2.55,10.71,7.77,45.68,64.95,22.82,0.64,0.14
2020-03-04,20.14,35.95,0.28,0.55,12.21,2.76,12.61,8.95,38.71,59.47,17.88,0.69,0.12
2020-03-05,19.0,20.14,0.13,0.49,10.82,2.18,7.85,5.94,26.21,31.66,18.35,0.32,0.1
2020-03-06,14.26,19.0,0.14,0.48,10.31,1.94,5.45,4.48,29.66,31.65,17.86,0.18,
2020-03-07,10.28,14.26,0.13,0.52,10.4,2.46,6.19,5.28,26.65,24.49,12.13,0.29,0.1
2020-03-08,12.37,10.28,0.1,0.49,8.47,2.09,8.15,6.03,24.62,22.95,29.5,0.42,0.1
2020-03-09,10.63,12.37,0.09,0.54,9.65,3.17,9.77,7.78,19.25,22.79,18.18,0.69,0.1
2020-03-10,11.08,10.63,0.09,0.46,9.32,2.43,7.78,6.12,24.48,22.11,25.19,0.56,0.1
2020-03-11,12.73,11.08,0.03,0.48,8.81,2.13,5.99,4.92,23.99,19.3,20.86,0.33,
2020-03-12,18.17,12.73,0.01,0.49,10.53,2.25,5.62,4.83,25.1,24.73,17.37,0.26,
2020-03-13,23.78,18.17,0.02,0.45,9.23,2.24,5.74,4.88,25.04,33.52,14.83,0.24,
2020-03-14,25.83,23.78,0.11,0.49,9.98,1.98,8.07,5.91,27.22,44.16,21.65,0.65,0.18
2020-03-15,27.28,25.83,0.18,0.47,9.82,2.21,7.94,6.02,28.67,45.42,22.1,0.78,0.19
2020-03-16,31.49,27.28,0.19,0.57,10.82,2.65,9.42,7.16,28.25,47.52,19.49,0.88,0.13
2020-03-17,19.45,31.49,0.18,0.64,10.09,1.93,8.93,6.32,34.5,49.92,19.67,0.6,0.1
2020-03-18,18.86,19.45,0.11,0.58,9.35,2.41,9.54,7.05,31.44,36.11,16.2,0.56,0.1
2020-03-19,15.23,18.86,0.1,0.55,9.31,2.32,8.13,6.23,32.35,35.92,19.8,0.56,0.1
2020-03-20,13.9,15.23,0.08,0.49,10.07,2.14,7.4,5.67,28.78,28.92,25.54,0.51,0.1
2020-03-21,25.49,13.9,0.04,0.49,8.51,1.78,5.15,4.18,25.43,26.07,23.29,0.29,0.15
2020-03-22,26.01,25.49,0.05,0.48,10.08,1.46,4.19,3.42,27.87,42.7,23.0,0.24,
2020-03-23,17.19,26.01,0.07,0.45,8.62,1.54,4.65,3.73,29.73,50.98,24.44,0.33,0.1
2020-03-24,16.77,17.19,0.08,0.46,7.58,1.39,4.81,3.69,28.52,39.17,20.71,0.42,0.14
2020-03-25,23.67,16.77,0.07,1.47,7.58,1.38,4.29,3.41,27.74,35.65,18.95,0.33,0.1
2020-03-26,25.36,23.67,0.15,0.66,7.93,1.58,4.99,3.94,29.32,44.23,18.8,0.66,0.16
2020-03-27,25.12,25.36,0.08,0.23,8.2,1.51,4.69,3.74,37.28,50.63,21.49,0.31,0.1
2020-03-28,26.96,25.12,0.09,0.25,7.88,1.52,4.71,3.74,43.19,52.01,22.1,0.39,0.15
2020-03-29,30.36,26.96,0.13,0.37,7.91,1.29,5.11,3.77,38.57,53.31,19.29,0.65,0.1
2020-03-30,29.86,30.36,0.11,0.37,8.01,1.45,5.2,3.92,45.51,60.36,22.14,0.25,
2020-03-31,34.77,29.86,0.08,0.28,8.81,1.39,4.52,3.54,44.17,55.8,23.12,0.33,0.1
2020-04-01,29.77,34.77,0.11,0.25,9.07,1.4,5.03,3.81,40.76,63.95,25.11,0.47,0.1
2020-04-02,30.52,29.77,0.07,,8.71,1.38,4.32,3.42,32.28,59.98,20.53,0.29,0.1
2020-04-03,30.58,30.52,0.04,,8.95,1.38,4.05,3.27,19.3,54.56,29.01,0.33,
2020-04-04,23.9,30.58,0.05,,8.16,1.41,3.65,3.09,30.65,53.17,21.14,0.2,0.1
2020-04-05,16.28,23.9,0.02,,7.68,1.34,3.93,3.18,25.31,46.95,19.38,0.26,0.18
2020-04-06,11.01,16.28,0.02,,7.66,1.54,3.77,3.25,17.23,33.84,20.08,0.18,
2020-04-07,16.58,11.01,0.04,,7.63,1.46,3.53,3.07,16.26,28.46,17.69,0.19,
2020-04-08,18.11,16.58,0.01,,7.28,1.45,4.27,3.46,25.67,36.98,19.86,0.22,0.1
2020-04-09,21.17,18.11,0.15,,7.74,1.51,5.44,4.12,43.68,38.01,24.28,0.49,0.1
2020-04-10,13.72,21.17,0.32,0.0,6.25,1.3,6.54,4.25,36.65,41.26,13.94,1.26,0.17
2020-04-11,16.75,13.72,0.05,0.0,6.74,1.4,4.58,3.58,26.1,31.06,15.56,0.54,0.16
2020-04-12,18.38,16.75,0.05,0.0,6.79,1.33,4.59,3.53,25.74,36.94,13.59,0.36,
2020-04-13,19.77,18.38,0.05,0.0,7.17,1.31,4.91,3.66,27.51,40.46,14.3,0.38,0.1
2020-04-14,18.62,19.77,0.06,0.0,7.23,1.4,4.99,3.77,26.57,45.79,14.56,0.36,
2020-04-15,17.21,18.62,0.06,0.0,6.92,1.48,4.5,3.6,30.13,45.2,14.12,0.29,0.1
2020-04-16,13.28,17.21,0.03,0.0,6.84,1.45,4.4,3.53,24.22,38.03,13.37,0.28,
2020-04-17,7.38,13.28,0.06,0.0,7.29,1.37,4.83,3.68,25.98,40.72,12.24,0.31,0.1
2020-04-18,7.59,7.38,0.02,,6.49,1.37,3.7,3.09,25.12,26.67,13.63,0.25,
2020-04-19,7.81,7.59,0.03,,6.17,1.44,3.52,3.04,23.68,24.92,13.62,0.23,
2020-04-20,7.35,7.81,0.01,,6.17,1.5,4.13,3.42,19.01,23.53,15.82,0.25,0.1
2020-04-21,9.51,7.35,0.02,,5.9,1.47,4.16,3.4,18.71,20.8,13.92,0.25,
2020-04-22,11.34,9.51,0.05,0.0,6.56,1.32,3.97,2.97,19.18,24.12,12.29,0.23,
2020-04-23,9.36,11.34,0.02,0.0,6.59,1.39,3.97,3.24,21.01,26.66,,0.23,
2020-04-24,14.44,9.36,0.02,0.0,6.41,1.39,3.87,3.19,22.75,26.24,,0.19,
2020-04-25,11.9,14.44,0.0,0.0,6.81,1.36,4.26,3.38,31.0,38.88,,0.2,
2020-04-26,16.45,11.9,0.06,0.0,5.43,1.33,6.18,4.37,44.57,29.15,,0.31,
2020-04-27,10.61,16.45,0.06,0.0,7.0,1.41,5.66,4.17,36.76,32.26,,0.24,
2020-04-28,35.38,10.61,0.05,0.0,5.9,1.46,5.21,3.95,32.29,33.88,,0.43,0.12
2020-04-29,26.8,35.38,0.36,0.0,7.98,1.42,11.76,7.42,34.99,63.42,,0.81,0.1
2020-04-30,28.33,26.8,0.08,0.0,7.86,1.35,6.22,4.41,39.46,50.65,19.3,0.47,
2020-05-01,24.11,28.33,0.03,,9.08,1.4,4.92,3.75,37.13,54.31,14.34,0.3,
2020-05-02,21.42,24.11,0.01,,9.1,1.37,4.1,3.3,36.34,50.38,8.61,0.22,
2020-05-03,22.79,21.42,0.01,,8.33,1.45,4.25,3.44,31.83,54.69,7.58,0.25,
2020-05-04,,22.79,0.03,,8.16,1.46,4.24,3.44,30.11,56.2,7.55,0.25,
2020-05-05,14.28,,0.02,,5.07,1.12,10.39,4.17,13.04,11.0,20.43,0.2,
2020-05-06,18.76,14.28,0.02,,8.57,1.65,5.46,4.24,19.59,35.43,6.68,0.29,
2020-05-07,18.81,18.76,0.02,,8.35,1.52,5.55,3.77,19.9,41.98,7.49,0.33,
2020-05-08,18.48,18.81,0.02,,8.22,1.44,5.84,4.27,23.44,47.91,8.18,0.28,
2020-05-09,14.26,18.48,0.02,,7.79,1.28,4.73,3.54,24.81,43.55,7.27,0.27,
2020-05-10,17.1,14.26,0.07,,7.39,1.36,4.75,3.64,23.19,34.12,8.02,0.47,137.45
2020-05-11,13.9,17.1,0.05,,7.21,1.56,6.38,4.65,20.46,44.23,5.75,0.51,
2020-05-12,13.11,13.9,0.05,,7.31,1.5,5.16,3.81,19.85,36.24,13.56,0.36,
2020-05-13,12.05,13.11,0.04,,6.48,1.52,4.87,3.64,19.71,36.14,9.04,0.32,
2020-05-14,13.47,12.05,0.03,,6.75,1.5,4.68,3.71,17.21,34.03,7.64,0.3,
2020-05-15,,13.47,0.06,,5.54,1.52,5.95,4.37,21.83,36.01,8.83,0.54,
2020-05-16,,,0.03,,6.14,1.47,5.28,4.02,28.31,35.01,9.38,0.52,
2020-05-17,30.46,,0.05,,8.16,1.78,14.19,8.73,29.87,44.57,11.96,0.94,
2020-05-18,34.15,30.46,0.13,,7.88,5.95,14.07,12.33,33.55,54.8,10.08,1.07,0.1
2020-05-19,41.46,34.15,0.14,,8.67,1.64,15.46,9.56,51.22,71.94,10.28,1.45,
2020-05-20,27.66,41.46,0.31,,9.88,1.56,16.97,9.83,49.1,108.2,13.83,2.08,0.22
2020-05-21,29.9,27.66,0.2,,8.65,1.43,11.41,6.96,50.56,102.68,10.27,1.08,
2020-05-22,21.15,29.9,0.16,0.38,11.55,1.47,10.11,6.4,52.47,103.68,12.04,0.82,0.1
2020-05-23,18.09,21.15,0.02,0.52,12.22,1.51,4.87,3.81,50.76,72.04,9.79,0.24,
2020-05-24,16.93,18.09,5.09,0.45,10.29,1.41,4.2,3.39,48.0,60.29,8.1,0.2,4.95
2020-05-25,22.01,16.93,6.44,0.47,11.22,1.42,3.63,3.07,40.43,57.4,7.48,0.26,
2020-05-26,24.22,22.01,0.42,0.49,11.74,1.57,3.89,3.35,48.22,72.96,7.24,0.31,
2020-05-27,25.16,24.22,4.9,0.5,11.7,1.39,4.33,3.44,24.36,66.04,7.19,0.42,84.72
2020-05-28,20.96,25.16,0.44,0.6,12.46,1.57,5.41,4.15,13.71,66.12,7.99,0.38,0.1
2020-05-29,22.5,20.96,0.08,0.6,10.97,1.52,5.69,4.27,17.45,68.44,10.85,0.49,0.1
2020-05-30,19.96,22.5,0.09,0.57,10.98,1.46,6.94,4.87,21.62,62.08,17.09,0.67,0.12
2020-05-31,8.09,19.96,0.05,0.55,10.08,1.42,5.43,4.05,21.51,58.07,9.11,0.34,0.3
2020-06-01,12.78,8.09,0.12,0.48,4.7,1.58,9.29,6.22,14.81,37.02,9.85,1.75,0.12
2020-06-02,10.23,12.78,0.09,0.51,10.11,1.66,9.72,6.52,18.39,38.24,6.61,1.19,0.22
2020-06-03,7.89,10.23,0.1,0.5,7.4,1.85,10.19,6.6,19.36,35.22,12.47,1.18,0.19
2020-06-04,9.33,7.89,0.05,0.54,7.17,1.76,11.09,7.33,18.72,34.52,16.74,0.45,0.1
2020-06-05,10.14,9.33,0.08,0.44,8.01,1.6,8.83,5.99,30.3,36.04,11.48,0.47,0.1
2020-06-06,11.49,10.14,0.09,0.42,6.2,1.33,7.06,4.83,35.22,43.39,12.83,0.55,0.19
2020-06-07,12.19,11.49,0.06,0.42,6.93,1.48,6.9,4.87,38.36,47.69,12.34,0.36,0.1
2020-06-08,10.39,12.19,0.1,0.44,7.12,1.62,10.16,6.72,38.42,49.5,11.95,0.7,0.15
2020-06-09,10.18,10.39,0.09,0.5,6.04,1.56,10.06,6.61,40.05,44.35,15.46,0.76,0.22
2020-06-10,5.6,10.18,0.09,0.59,9.51,8.5,15.4,15.51,40.65,25.24,13.75,1.21,0.17
2020-06-11,4.7,5.6,0.11,0.51,9.96,2.27,14.58,9.6,42.45,12.17,18.82,1.63,0.1
2020-06-12,4.65,4.7,0.08,0.53,8.76,1.66,10.03,6.69,34.37,12.83,13.34,0.52,0.1
2020-06-13,11.71,4.65,0.06,0.48,7.97,1.48,8.44,5.7,35.22,12.76,12.34,0.28,0.1
2020-06-14,10.07,11.71,0.07,0.53,8.67,1.6,8.06,5.6,39.34,25.81,16.01,0.57,0.29
2020-06-15,11.61,10.07,0.06,0.48,8.73,2.12,9.21,6.62,33.82,24.04,12.19,0.41,0.1
2020-06-16,8.73,11.61,0.09,0.5,8.35,4.88,16.7,12.86,31.19,31.52,16.28,0.78,0.36
2020-06-17,11.2,8.73,0.09,0.38,10.3,4.64,16.26,11.66,29.47,18.33,17.54,0.54,0.2
2020-06-18,11.03,11.2,0.1,0.62,12.91,3.27,12.95,9.54,31.9,27.86,17.81,0.81,0.19
2020-06-19,16.99,11.03,0.14,0.64,8.92,3.18,13.74,9.89,31.37,34.97,10.39,1.43,0.32
2020-06-20,12.74,16.99,0.11,0.55,8.6,1.52,9.48,6.27,41.25,45.43,11.19,1.29,0.16
2020-06-21,17.97,12.74,0.13,0.59,9.45,1.66,10.27,6.81,34.95,30.83,13.28,0.77,0.15
2020-06-22,15.48,17.97,0.17,0.65,10.92,2.05,12.1,8.1,30.15,50.49,11.68,1.55,0.53
2020-06-23,14.88,15.48,0.11,0.58,13.53,2.07,9.15,6.55,39.82,34.84,15.88,0.8,0.16
2020-06-24,20.74,14.88,0.13,0.59,11.62,1.86,10.59,7.15,38.01,35.33,14.04,1.03,0.21
2020-06-25,10.41,20.74,0.13,0.62,14.57,1.9,8.44,6.03,39.32,37.36,15.38,0.89,0.28
2020-06-26,14.5,10.41,0.06,0.53,12.46,1.88,7.21,5.37,25.96,20.55,15.86,0.3,
2020-06-27,16.65,14.5,0.06,0.55,8.97,1.53,6.53,4.72,33.76,24.43,13.75,0.27,0.15
2020-06-28,20.96,16.65,0.1,0.66,9.77,1.43,8.32,5.59,37.34,28.51,10.86,0.43,0.12
2020-06-29,21.34,20.96,0.12,0.66,14.3,1.65,9.55,6.43,43.29,32.56,14.79,0.69,0.1
2020-06-30,22.0,21.34,0.14,0.66,13.38,1.74,10.69,7.1,45.32,35.16,14.58,1.42,0.2
2020-07-01,,22.0,0.1,0.59,8.45,1.5,9.68,6.4,29.15,34.0,10.88,0.5,
