Date,PM2.5,LastDayPM2.5,Benzene,CO,NH3,NO,NO2,NOx,O3,PM10,SO2,Toluene,Xylene
2019-09-02,13.62,,3.42,0.55,0.78,8.15,4.28,12.15,45.86,87.4,10.12,0.33,4.15
2019-09-03,27.93,13.62,3.39,0.79,0.88,9.72,4.71,14.19,30.18,95.68,9.36,0.04,3.82
2019-09-04,34.05,27.93,5.27,0.93,1.68,16.53,9.83,25.86,17.23,90.68,4.27,0.89,21.98
2019-09-05,,34.05,4.77,0.58,1.11,11.03,4.9,16.06,26.81,59.99,14.1,1.81,57.52
2019-09-06,,,2.81,0.9,1.38,7.3,2.69,9.88,9.36,65.86,9.26,2.13,43.24
2019-09-07,,,17.23,0.78,1.7,10.35,3.73,14.09,16.77,91.04,10.48,2.02,51.82
2019-09-08,,,9.04,0.49,1.53,8.64,3.06,4.68,23.08,64.62,8.71,1.93,4.64
2019-09-09,,,5.36,0.67,1.06,6.5,2.63,8.91,40.5,89.94,9.52,2.36,1.39
2019-09-10,,,4.53,0.75,1.37,7.68,2.76,10.41,33.4,97.12,8.71,2.14,1.4
2019-09-11,,,6.02,0.75,1.34,7.93,3.08,11.04,34.62,122.52,8.51,2.33,1.29
2019-09-12,,,6.72,0.7,1.53,7.32,3.89,11.28,29.28,125.4,6.02,2.2,1.34
2019-09-13,,,8.35,0.49,1.09,8.23,5.34,10.71,26.61,62.29,7.76,2.03,1.25
2019-09-14,,,5.09,0.6,1.06,8.81,4.62,10.75,24.06,65.68,7.55,1.91,1.27
2019-09-15,,,3.91,0.55,1.25,7.44,2.62,9.98,31.07,72.54,10.1,1.87,1.34
2019-09-16,,,3.82,0.54,1.08,6.47,2.47,8.38,36.46,106.87,9.84,1.86,1.36
2019-09-17,,,4.81,0.64,1.17,6.87,2.77,9.65,41.84,119.42,10.68,2.13,1.37
2019-09-18,,,4.57,0.66,1.25,5.99,4.62,10.49,44.79,118.59,11.07,2.05,1.27
2019-09-19,38.1,,7.14,0.65,1.37,7.61,3.3,10.9,26.14,61.67,14.74,1.94,2.15
2019-09-20,40.41,38.1,4.46,0.55,3.76,10.52,3.96,12.79,28.6,67.91,9.97,2.02,1.48
2019-09-21,27.21,40.41,3.57,0.53,5.9,8.6,7.2,10.64,34.72,62.04,9.63,2.08,1.32
2019-09-22,29.75,27.21,4.0,0.55,5.98,10.22,5.64,11.21,21.21,64.56,8.67,1.72,1.31
2019-09-23,18.35,29.75,5.97,0.51,5.94,9.53,4.55,10.1,27.24,49.86,8.83,5.59,7.5
2019-09-24,34.43,18.35,4.85,0.66,5.87,9.8,4.23,10.04,37.1,89.26,8.71,2.52,1.49
2019-09-25,33.66,34.43,5.69,0.73,5.97,10.94,6.56,11.8,21.1,105.3,8.19,2.16,1.39
2019-09-26,22.93,33.66,4.74,0.79,6.34,13.33,6.05,10.8,17.26,73.73,12.05,1.81,1.28
2019-09-27,16.0,22.93,7.3,0.83,6.51,18.72,5.25,17.25,24.57,57.51,12.05,1.96,1.25
2019-09-28,22.41,16.0,4.98,0.56,6.57,18.75,5.06,17.87,31.23,59.18,13.4,1.65,1.36
2019-09-29,13.93,22.41,2.79,0.5,6.1,12.76,3.31,7.67,16.21,49.87,14.95,1.66,1.55
2019-09-30,,13.93,8.22,0.81,6.79,23.3,5.59,19.89,9.66,87.46,18.05,2.29,3.12
2019-10-01,24.45,,6.07,0.85,7.27,27.37,5.3,24.85,12.58,49.4,16.05,1.89,2.33
2019-10-02,15.77,24.45,4.99,0.54,6.2,13.35,5.38,13.63,20.96,44.47,15.9,2.73,1.79
2019-10-03,29.59,15.77,6.85,0.71,6.24,10.47,7.86,12.9,19.05,71.0,16.42,2.43,1.85
2019-10-04,30.27,29.59,4.5,0.46,5.76,7.99,8.1,10.54,16.87,73.77,18.14,2.51,1.64
2019-10-05,25.9,30.27,4.37,0.44,5.9,9.62,4.75,10.27,17.33,77.68,15.09,2.27,1.41
2019-10-06,38.69,25.9,4.07,0.49,6.01,10.07,4.05,10.31,15.07,82.66,14.44,1.45,1.58
2019-10-07,53.09,38.69,4.88,0.51,5.96,8.63,5.0,9.58,17.72,112.6,11.35,0.65,1.67
2019-10-08,43.67,53.09,4.7,0.61,5.99,10.14,4.64,10.57,13.96,104.59,12.42,0.92,1.96
2019-10-09,53.12,43.67,5.99,0.85,6.57,17.13,5.73,16.77,16.92,120.09,13.54,1.07,2.17
2019-10-10,56.82,53.12,7.2,0.74,6.21,13.25,6.53,13.7,19.27,121.89,12.52,0.99,1.89
2019-10-11,50.45,56.82,5.31,0.74,6.27,13.64,6.51,14.27,11.03,106.22,10.38,0.86,1.76
2019-10-12,58.03,50.45,6.49,0.72,6.25,13.94,5.64,14.67,26.84,106.62,12.45,0.89,1.99
2019-10-13,57.61,58.03,5.98,0.71,6.21,15.52,4.3,14.77,19.64,112.63,11.66,0.96,2.01
2019-10-14,74.8,57.61,6.43,0.83,6.31,13.92,6.28,14.43,19.87,128.72,13.5,0.66,25.17
2019-10-15,73.44,74.8,6.67,0.95,6.47,16.48,6.34,16.6,15.35,135.12,12.4,0.55,49.92
2019-10-16,83.96,73.44,7.02,1.0,6.62,17.66,6.6,17.59,19.99,151.62,10.71,0.57,1.4
2019-10-17,80.65,83.96,6.95,0.88,6.95,16.88,7.57,17.78,22.35,133.85,10.2,0.55,1.33
2019-10-18,56.2,80.65,4.8,0.61,6.42,12.07,5.93,12.92,24.06,108.33,10.23,0.35,1.27
2019-10-19,51.84,56.2,4.92,0.62,6.49,14.08,5.48,14.22,18.3,109.52,11.54,0.4,3.8
2019-10-20,53.9,51.84,4.51,0.59,6.04,10.73,5.4,11.43,18.54,111.12,11.04,0.29,2.05
2019-10-21,53.79,53.9,4.71,0.54,6.14,11.51,5.22,11.97,19.03,117.94,10.41,0.3,3.57
2019-10-22,47.72,53.79,4.48,0.54,6.15,10.27,4.3,10.48,22.98,106.01,9.55,1.08,2.68
2019-10-23,46.9,47.72,5.49,0.73,6.75,18.05,5.96,17.37,16.13,108.1,10.67,2.45,3.01
2019-10-24,71.66,46.9,6.21,0.91,7.01,21.97,7.38,21.56,15.62,130.66,9.69,3.91,3.96
2019-10-25,92.3,71.66,3.33,0.99,6.61,17.22,7.59,17.86,17.21,159.18,10.21,8.64,1.03
2019-10-26,104.11,92.3,3.0,0.82,6.22,12.26,6.84,13.52,18.17,150.29,10.29,6.19,0.9
2019-10-27,122.16,104.11,3.04,0.73,7.79,7.8,16.3,11.84,17.49,180.25,9.92,5.9,0.81
2019-10-28,154.85,122.16,3.21,0.82,27.94,33.17,13.6,33.08,16.2,224.22,9.24,6.21,0.76
2019-10-29,110.06,154.85,3.47,1.29,40.84,36.29,19.43,43.39,14.68,184.04,9.28,8.34,0.95
2019-10-30,108.09,110.06,3.42,1.01,22.6,17.27,11.43,20.99,22.36,181.54,8.21,7.81,0.86
2019-10-31,109.17,108.09,3.29,0.99,12.73,9.28,10.06,13.98,24.24,169.19,8.87,6.73,0.85
2019-11-01,112.71,109.17,3.43,0.89,12.82,7.24,13.46,14.1,26.53,190.12,8.29,6.82,0.8
2019-11-02,123.26,112.71,4.25,1.02,19.21,14.3,11.76,18.63,14.22,190.28,9.04,7.47,0.82
2019-11-03,135.98,123.26,5.01,0.98,5.93,4.69,8.11,5.18,18.42,215.41,11.2,7.34,1.17
2019-11-04,114.56,135.98,4.44,0.69,4.2,4.58,6.33,7.82,16.51,166.58,9.56,6.1,1.05
2019-11-05,53.96,114.56,4.09,0.54,6.12,7.09,6.08,9.39,17.46,115.54,9.81,4.62,1.04
2019-11-06,58.85,53.96,3.88,1.02,17.58,15.47,7.78,13.85,9.64,125.5,11.69,7.38,1.16
2019-11-07,46.3,58.85,3.67,0.79,17.99,15.71,9.68,14.7,7.92,84.99,8.19,6.04,1.02
2019-11-08,45.3,46.3,3.36,0.74,7.29,38.26,8.67,35.9,9.4,72.48,9.2,4.68,0.89
2019-11-09,47.33,45.3,3.82,0.61,,11.26,7.59,13.85,10.68,80.15,10.8,3.91,0.92
2019-11-10,72.51,47.33,4.04,0.85,,18.24,7.08,15.67,9.62,131.65,12.45,6.33,1.23
2019-11-11,103.38,72.51,16.02,0.84,,14.31,10.07,9.72,13.19,157.59,9.4,5.11,4.19
2019-11-12,113.03,103.38,64.33,0.79,,10.32,13.33,6.5,11.25,157.15,10.7,3.32,4.45
2019-11-13,101.59,113.03,31.33,0.99,,33.46,21.83,31.03,7.64,165.89,10.81,6.13,4.09
2019-11-14,101.15,101.59,1.53,1.29,,30.76,20.56,25.88,9.47,173.66,12.37,6.96,3.99
2019-11-15,96.95,101.15,1.5,0.85,1.0,4.57,17.22,13.93,12.77,162.86,10.64,5.61,3.76
2019-11-16,63.35,96.95,1.19,0.5,0.7,3.11,10.68,13.76,17.52,122.19,8.08,3.48,3.4
2019-11-17,42.54,63.35,1.03,0.42,0.65,3.11,9.85,12.88,17.13,70.69,9.32,2.63,3.77
2019-11-18,61.85,42.54,1.15,0.67,6.43,5.34,25.44,28.08,14.66,100.77,9.22,3.57,3.38
2019-11-19,85.34,61.85,8.69,1.07,,,,,11.05,154.54,10.57,6.84,10.44
2019-11-20,92.71,85.34,10.81,1.24,,,,,8.42,157.63,11.86,2.31,1.25
2019-11-21,84.5,92.71,9.14,0.93,,,,,8.79,144.04,12.07,1.96,1.16
2019-11-22,116.3,84.5,9.34,0.87,,,,,6.22,199.37,10.74,1.87,1.23
2019-11-23,84.1,116.3,6.91,0.53,9.59,1.32,17.06,18.48,8.15,125.61,9.45,1.82,0.97
2019-11-24,44.9,84.1,5.24,0.45,5.0,2.6,18.03,20.07,8.99,76.48,10.79,1.92,1.19
2019-11-25,46.55,44.9,6.89,0.87,5.0,17.99,51.27,68.73,7.16,93.05,11.2,2.25,1.14
2019-11-26,61.28,46.55,7.59,0.84,5.0,16.84,48.98,66.05,4.22,138.26,9.71,2.31,1.12
2019-11-27,32.56,61.28,7.25,0.85,5.0,18.8,52.22,70.53,5.34,64.7,10.94,2.22,1.22
2019-11-28,42.0,32.56,8.14,0.85,5.0,28.32,29.43,51.8,5.92,74.34,10.01,1.73,7.16
2019-11-29,50.57,42.0,9.66,0.88,5.0,40.39,8.06,36.97,7.12,91.07,10.77,0.67,0.21
2019-11-30,55.52,50.57,7.55,0.77,5.0,27.53,10.22,27.17,8.14,105.75,10.78,0.45,0.17
2019-12-01,59.05,55.52,7.16,0.73,5.0,8.75,12.28,13.41,10.13,98.34,10.18,0.41,0.14
2019-12-02,78.39,59.05,6.4,0.61,5.0,11.61,11.11,14.88,11.23,120.04,8.67,0.31,0.16
2019-12-03,81.14,78.39,7.0,0.77,5.0,25.39,15.46,27.98,12.77,140.46,6.36,0.39,0.11
2019-12-04,91.88,81.14,10.0,1.3,24.2,59.58,13.5,52.75,12.55,171.84,9.59,0.86,0.29
2019-12-05,92.12,91.88,10.36,1.25,35.57,70.94,5.08,59.09,13.89,167.97,9.06,0.92,0.22
2019-12-06,77.58,92.12,8.15,0.96,44.06,44.31,10.6,41.3,9.78,135.81,10.33,0.65,0.15
2019-12-07,69.8,77.58,8.82,1.0,49.26,43.97,12.89,42.09,8.77,133.11,10.46,0.64,4.82
2019-12-08,69.48,69.8,2.09,0.87,40.21,33.52,14.4,33.18,10.45,111.77,10.54,0.48,1.27
2019-12-09,97.55,69.48,3.31,0.92,36.14,29.9,21.94,34.45,8.56,196.46,11.4,0.46,1.09
2019-12-10,90.07,97.55,3.3,0.86,35.75,27.56,20.88,32.57,8.73,153.17,11.91,0.43,1.0
2019-12-11,119.05,90.07,3.43,1.06,45.27,33.79,21.97,38.56,7.86,175.51,10.15,0.65,1.05
2019-12-12,108.0,119.05,3.49,1.01,47.58,34.59,23.28,40.18,8.47,141.0,8.2,0.63,1.15
2019-12-13,21.86,108.0,3.38,0.4,46.26,6.07,14.69,12.52,13.21,53.35,7.97,0.25,0.8
2019-12-14,39.0,21.86,3.37,0.48,57.1,8.42,14.96,14.58,4.84,70.49,10.16,0.26,0.99
2019-12-15,39.25,39.0,3.27,0.51,43.62,7.44,11.3,11.79,5.81,63.12,9.65,0.18,1.04
2019-12-16,41.79,39.25,3.04,0.53,31.34,7.23,10.15,11.16,3.7,77.26,6.58,0.18,0.76
2019-12-17,61.95,41.79,3.04,0.53,37.32,4.68,12.21,9.97,4.85,101.09,6.01,0.14,0.73
2019-12-18,49.36,61.95,4.8,0.62,33.79,6.34,11.18,10.87,3.93,82.55,5.7,0.22,0.74
2019-12-19,91.41,49.36,7.02,0.66,33.11,7.9,14.2,13.76,5.84,119.91,7.77,0.29,0.84
2019-12-20,98.48,91.41,8.3,0.8,42.05,8.48,14.95,14.25,8.29,132.54,8.64,0.25,0.88
2019-12-21,68.55,98.48,7.21,0.8,40.98,5.88,11.44,10.79,8.99,119.96,5.95,0.21,2.3
2019-12-22,46.06,68.55,0.08,0.62,36.8,2.7,11.25,8.04,11.38,87.11,6.88,0.13,0.83
2019-12-23,41.79,46.06,4.17,0.66,40.76,6.97,12.09,11.87,8.97,83.61,6.83,0.22,0.69
2019-12-24,67.27,41.79,7.96,0.72,36.41,10.35,13.21,15.23,8.48,132.94,6.88,0.21,0.81
2019-12-25,35.08,67.27,5.42,0.49,26.09,3.48,9.79,7.92,9.85,65.55,5.65,0.11,0.65
2019-12-26,38.86,35.08,4.76,0.49,22.17,2.22,10.41,7.23,10.21,79.99,6.14,0.11,0.62
2019-12-27,61.39,38.86,6.06,0.58,25.4,3.7,14.23,10.0,6.78,131.32,4.76,0.18,0.5
2019-12-28,77.1,61.39,6.54,0.69,25.82,12.15,11.78,14.9,6.12,156.58,6.58,0.24,0.64
2019-12-29,58.68,77.1,7.95,0.77,24.38,11.84,12.41,16.18,9.04,99.91,5.62,0.24,0.68
2019-12-30,72.34,58.68,8.77,1.04,26.86,38.14,16.28,36.66,6.52,140.37,6.59,5.1,1.28
2019-12-31,77.06,72.34,10.96,1.24,24.95,49.23,14.74,48.79,6.62,145.42,7.27,0.42,0.72
2020-01-01,63.22,77.06,9.14,1.11,24.73,46.81,15.96,45.21,8.1,135.76,7.79,0.38,0.78
2020-01-02,45.65,63.22,7.93,0.97,29.29,40.57,13.18,39.43,22.51,102.2,8.9,0.74,0.88
2020-01-03,45.79,45.65,8.27,0.93,46.37,36.01,11.14,34.87,14.29,94.86,11.32,1.11,0.99
2020-01-04,53.46,45.79,7.1,0.84,45.85,23.92,13.16,26.12,9.92,108.55,9.13,0.64,1.01
2020-01-05,51.15,53.46,5.65,0.64,35.98,6.6,13.63,12.1,9.66,106.42,8.39,0.23,0.9
2020-01-06,37.92,51.15,5.4,0.57,38.35,10.22,12.04,14.32,6.99,65.35,9.79,0.14,0.98
2020-01-07,28.87,37.92,6.69,0.79,39.27,29.12,11.69,29.7,8.44,48.29,8.73,0.18,1.02
2020-01-08,31.92,28.87,4.94,0.61,38.98,18.41,9.94,19.91,10.9,43.82,7.9,0.16,0.91
2020-01-09,28.35,31.92,4.01,0.44,35.22,3.41,11.19,8.54,12.51,47.36,5.58,0.37,0.81
2020-01-10,27.82,28.35,4.62,0.5,33.56,7.97,11.61,12.46,10.61,63.04,6.0,0.22,0.26
2020-01-11,46.57,27.82,6.31,0.76,24.35,19.2,15.57,23.47,8.43,108.09,6.55,0.16,0.31
2020-01-12,75.8,46.57,9.58,0.92,24.83,17.43,17.6,23.12,6.26,165.63,9.83,0.16,0.39
2020-01-13,63.64,75.8,8.33,0.88,29.22,18.37,15.63,23.05,7.63,120.83,7.38,0.17,0.32
2020-01-14,39.14,63.64,6.8,0.69,33.17,13.13,9.24,15.17,8.2,73.4,6.7,0.16,0.25
2020-01-15,46.49,39.14,6.39,0.68,31.7,12.44,12.03,16.45,9.22,85.04,7.03,0.16,0.3
2020-01-16,40.07,46.49,6.54,0.67,29.08,7.15,11.91,11.96,8.12,79.2,6.47,0.15,0.27
2020-01-17,48.86,40.07,6.81,0.75,41.64,16.22,10.91,18.44,6.46,90.27,7.18,0.19,0.25
2020-01-18,58.57,48.86,6.26,0.69,47.37,18.14,11.8,20.29,8.28,134.0,8.39,0.19,1.71
2020-01-19,46.76,58.57,6.54,0.78,35.94,20.11,11.33,22.08,10.35,96.89,7.99,0.29,0.97
2020-01-20,54.78,46.76,7.74,0.96,42.26,27.83,13.64,29.01,8.95,127.45,6.46,0.44,0.83
2020-01-21,65.75,54.78,9.44,1.03,43.79,38.7,16.84,39.52,9.56,140.69,9.06,0.6,1.04
2020-01-22,41.75,65.75,6.48,0.73,48.99,18.17,12.43,21.1,6.54,93.67,7.32,0.46,0.91
2020-01-23,29.8,41.75,3.94,0.43,50.54,1.59,10.72,6.48,12.63,72.37,5.37,0.14,0.68
2020-01-24,27.35,29.8,4.31,0.54,48.75,1.26,13.16,7.67,14.54,82.96,5.84,0.11,0.58
2020-01-25,50.16,27.35,6.75,1.03,35.96,35.84,13.38,35.43,3.2,107.88,7.56,0.28,0.83
2020-01-26,63.05,50.16,5.95,0.9,32.77,29.72,14.09,31.22,11.11,108.46,8.11,0.15,1.05
2020-01-27,70.05,63.05,8.21,0.98,36.16,26.66,18.67,31.12,9.31,123.37,8.26,0.36,2.29
2020-01-28,40.04,70.05,5.05,0.64,70.87,15.87,17.71,21.46,10.27,89.37,7.53,0.25,0.73
2020-01-29,23.83,40.04,0.0,0.51,65.83,6.6,16.39,13.86,8.83,68.76,7.44,0.0,0.0
2020-01-30,26.33,23.83,3.21,0.46,52.34,4.78,11.56,9.73,9.77,65.41,5.88,0.15,0.46
2020-01-31,33.27,26.33,5.07,0.6,68.76,4.48,12.56,7.49,7.45,66.36,6.3,0.24,0.69
2020-02-01,46.01,33.27,7.04,0.82,79.53,3.21,15.01,5.53,12.24,85.01,7.97,0.38,0.85
2020-02-02,36.92,46.01,5.16,0.57,52.13,4.52,12.5,10.0,13.45,82.32,6.96,0.16,0.79
2020-02-03,45.69,36.92,5.97,0.76,48.4,17.36,14.34,20.79,10.43,115.3,7.01,0.3,0.77
2020-02-04,48.43,45.69,7.08,0.87,45.63,32.31,16.22,34.89,11.01,112.21,8.97,0.42,0.82
2020-02-05,44.5,48.43,4.56,0.5,41.06,1.37,11.9,7.21,13.06,85.81,7.05,0.15,0.69
2020-02-06,44.26,44.5,5.77,0.71,51.85,15.06,13.75,18.79,9.21,93.7,7.71,0.33,0.8
2020-02-07,52.11,44.26,6.73,0.82,52.94,29.84,17.65,28.07,9.83,95.92,9.1,0.42,0.94
2020-02-08,56.44,52.11,5.92,0.67,37.51,9.91,15.27,15.03,10.93,94.22,7.94,0.24,0.79
2020-02-09,58.61,56.44,6.61,0.82,24.01,23.06,19.65,28.42,9.18,103.76,10.03,0.3,0.92
2020-02-10,58.08,58.61,6.72,0.89,26.54,25.78,18.27,30.22,10.81,109.57,8.69,1.58,3.27
2020-02-11,55.99,58.08,6.74,0.85,34.43,18.39,17.75,24.25,11.89,118.21,8.71,2.6,0.9
2020-02-12,54.47,55.99,5.87,0.65,32.97,3.68,15.96,11.31,19.25,114.12,8.35,0.17,0.76
2020-02-13,45.96,54.47,5.64,0.59,33.61,1.7,14.52,8.96,17.07,94.73,9.29,0.16,0.77
2020-02-14,38.65,45.96,4.98,0.49,36.75,1.54,13.63,8.36,16.15,96.46,8.37,0.2,0.76
2020-02-15,38.73,38.65,4.98,0.56,36.5,1.43,14.94,8.94,17.84,92.66,9.09,0.14,0.82
2020-02-16,44.75,38.73,5.74,0.68,30.26,10.51,18.43,17.9,12.34,97.01,9.39,0.21,1.08
2020-02-17,37.34,44.75,5.3,0.61,29.55,6.64,17.18,14.42,15.63,84.86,8.07,0.2,0.91
2020-02-18,39.85,37.34,5.45,0.66,50.52,4.45,17.63,12.56,11.62,114.47,9.85,0.2,3.38
2020-02-19,49.94,39.85,8.7,1.0,47.46,29.86,23.78,36.57,12.05,140.48,8.79,0.41,2.84
2020-02-20,40.09,49.94,5.38,0.66,51.36,3.48,22.32,14.23,10.35,105.55,10.52,0.22,2.71
2020-02-21,17.74,40.09,4.37,0.58,51.13,5.72,19.61,14.1,8.22,36.33,11.11,0.12,2.94
2020-02-22,28.86,17.74,5.0,0.61,56.93,9.04,16.27,15.75,15.11,59.53,9.63,0.16,3.21
2020-02-23,26.21,28.86,5.4,0.67,54.07,11.93,16.68,18.18,15.54,65.46,10.0,0.15,3.91
2020-02-24,22.11,26.21,4.5,0.54,57.43,8.68,14.65,14.71,14.02,68.15,10.26,0.17,4.41
2020-02-25,31.08,22.11,5.38,0.65,53.71,8.84,17.82,16.43,13.07,78.66,11.05,0.18,1.27
2020-02-26,36.76,31.08,6.28,0.91,42.06,23.97,21.72,30.21,11.33,96.77,11.17,0.17,1.41
2020-02-27,55.33,36.76,8.48,1.03,44.13,20.93,22.96,28.95,10.96,122.12,11.55,0.24,1.37
2020-02-28,48.22,55.33,7.02,0.79,60.86,9.79,19.63,18.3,14.79,112.13,9.13,0.21,1.09
2020-02-29,24.21,48.22,5.02,0.63,59.45,12.13,19.64,19.59,13.73,56.88,8.1,0.15,1.2
2020-03-01,16.87,24.21,5.43,0.7,51.59,26.74,19.34,31.78,10.24,53.56,9.37,0.13,1.31
2020-03-02,32.21,16.87,5.67,0.72,51.7,21.81,19.91,27.96,9.32,75.25,11.08,0.15,1.3
2020-03-03,35.14,32.21,5.31,0.6,66.95,9.78,16.91,16.8,12.35,90.3,9.75,0.13,1.27
2020-03-04,35.6,35.14,6.69,0.77,68.95,14.24,21.84,22.8,12.72,101.85,10.94,0.16,1.21
2020-03-05,20.93,35.6,4.8,0.52,58.7,6.33,21.44,16.33,13.74,64.03,8.94,0.14,1.16
2020-03-06,13.67,20.93,3.56,0.4,58.92,4.61,17.43,12.82,11.92,38.03,7.91,0.93,47.4
2020-03-07,13.4,13.67,3.66,0.57,59.19,18.12,12.2,20.48,5.37,26.33,6.45,2.35,116.62
2020-03-08,22.56,13.4,5.13,0.66,55.11,26.85,14.69,29.63,12.53,46.29,8.51,2.25,1.11
2020-03-09,21.62,22.56,3.43,0.38,54.32,1.64,13.26,8.13,15.71,53.89,7.63,2.65,0.87
2020-03-10,29.78,21.62,4.58,0.6,64.07,7.71,18.13,15.51,12.53,76.2,9.69,2.53,1.23
2020-03-11,27.87,29.78,5.07,0.63,63.51,11.05,20.98,19.56,10.97,69.71,8.38,2.87,1.14
2020-03-12,19.08,27.87,3.99,0.54,69.07,7.16,19.73,15.69,15.5,38.09,8.23,2.84,0.64
2020-03-13,17.86,19.08,3.59,0.46,69.88,6.34,18.04,14.58,17.15,40.9,8.05,2.84,0.78
2020-03-14,9.63,17.86,3.1,0.38,69.21,4.21,12.29,9.75,16.26,23.2,10.93,2.96,0.75
2020-03-15,10.57,9.63,3.49,0.46,82.11,4.62,9.66,8.78,15.62,36.5,9.47,2.61,1.0
2020-03-16,21.2,10.57,3.51,0.47,87.95,3.76,9.14,7.39,12.37,70.76,10.27,1.5,0.8
2020-03-17,18.52,21.2,3.93,0.5,100.35,2.35,8.04,6.29,15.24,76.08,9.45,0.15,0.7
2020-03-18,20.51,18.52,4.28,0.56,79.79,1.72,8.72,5.92,15.7,82.33,9.75,0.16,0.8
2020-03-19,23.59,20.51,5.24,0.66,75.59,4.97,11.22,9.8,14.59,83.69,10.23,0.26,1.03
2020-03-20,24.17,23.59,6.09,0.76,75.77,9.26,12.79,14.12,14.31,78.67,14.03,0.34,1.06
2020-03-21,21.88,24.17,5.94,0.71,72.55,7.22,12.43,12.3,14.99,74.23,13.58,0.33,1.14
2020-03-22,18.63,21.88,4.08,0.53,60.29,4.03,9.7,8.37,14.6,42.79,11.7,0.22,1.11
2020-03-23,14.77,18.63,4.12,0.54,53.38,2.41,10.02,7.16,15.03,38.24,11.08,0.21,1.18
2020-03-24,16.69,14.77,3.98,0.5,50.69,2.07,9.91,6.82,13.7,34.29,11.95,0.21,1.22
2020-03-25,15.43,16.69,3.58,0.52,42.77,3.62,8.88,6.15,13.78,37.65,11.13,0.19,1.17
2020-03-26,13.28,15.43,3.53,0.5,41.23,1.85,8.79,6.07,12.43,40.33,10.54,0.13,1.11
2020-03-27,18.86,13.28,3.78,0.5,40.12,2.98,9.17,6.85,10.49,34.12,9.61,0.16,1.09
2020-03-28,7.73,18.86,2.74,0.38,34.53,1.67,9.4,6.25,14.02,15.78,9.64,0.11,1.06
2020-03-29,18.82,7.73,2.75,0.3,41.67,1.33,9.31,5.96,17.01,41.48,10.6,1.56,0.78
2020-03-30,12.34,18.82,2.98,0.38,48.87,1.55,10.05,6.48,17.27,29.51,9.61,0.26,0.83
2020-03-31,15.51,12.34,3.64,0.49,43.04,1.46,10.85,6.85,13.55,39.66,9.39,0.13,0.99
2020-04-01,12.25,15.51,2.87,0.4,39.2,2.32,10.86,7.53,14.86,26.47,10.8,0.13,1.08
2020-04-02,11.2,12.25,2.94,0.39,34.46,1.47,9.8,6.3,19.4,31.54,8.68,0.11,0.99
2020-04-03,11.91,11.2,2.93,0.39,32.8,1.53,11.26,7.14,19.39,22.03,7.84,0.1,0.95
2020-04-04,12.77,11.91,3.27,0.46,32.37,1.47,11.97,7.43,20.12,29.32,10.1,0.1,1.01
2020-04-05,15.43,12.77,3.59,0.54,33.74,2.15,13.07,8.54,17.37,34.61,10.4,0.18,1.2
2020-04-06,20.93,15.43,3.1,0.41,46.0,1.66,10.91,6.06,22.15,47.96,12.81,0.82,1.48
2020-04-07,11.46,20.93,3.09,0.38,49.62,0.98,9.63,5.81,20.86,40.6,7.77,0.46,0.86
2020-04-08,11.19,11.46,2.75,0.42,40.9,1.66,11.89,7.54,21.26,33.44,9.68,0.51,1.02
2020-04-09,10.0,11.19,3.02,0.5,39.61,2.22,12.34,8.22,19.04,24.49,9.6,0.57,1.17
2020-04-10,12.37,10.0,3.23,0.47,36.11,1.98,11.89,7.79,20.02,35.91,9.6,0.56,1.14
2020-04-11,14.16,12.37,3.47,0.53,34.48,2.58,11.66,8.18,22.93,42.72,10.29,0.64,1.22
2020-04-12,15.62,14.16,3.32,0.51,33.38,1.34,10.16,6.38,27.2,44.12,12.02,0.62,1.13
2020-04-13,19.73,15.62,3.43,0.54,31.33,1.68,10.72,6.95,26.65,44.85,9.92,0.63,1.16
2020-04-14,18.52,19.73,3.61,0.57,29.25,1.93,11.69,7.66,32.23,56.62,10.29,0.64,0.98
2020-04-15,22.97,18.52,3.73,0.49,23.31,1.34,11.23,6.94,38.63,82.04,10.92,0.66,0.89
2020-04-16,21.93,22.97,3.79,0.59,24.21,2.49,11.04,7.75,22.37,61.39,13.23,0.74,1.26
2020-04-17,16.51,21.93,3.23,0.51,29.6,1.78,11.17,7.43,28.71,55.98,11.25,0.62,1.11
2020-04-18,10.05,16.51,2.12,0.37,28.06,1.41,10.35,6.56,29.03,41.58,8.81,0.48,0.95
2020-04-19,6.86,10.05,2.05,0.41,28.76,2.12,10.47,7.17,26.86,22.51,8.56,0.5,1.08
2020-04-20,11.4,6.86,2.53,0.57,31.13,3.53,11.89,9.05,17.41,20.39,9.65,0.54,1.37
2020-04-21,12.87,11.4,3.33,0.47,46.36,3.78,13.35,9.8,20.84,32.33,13.26,0.52,1.12
2020-04-22,11.29,12.87,2.82,0.58,43.25,3.23,12.47,9.09,23.17,24.44,9.62,0.56,1.23
2020-04-23,16.05,11.29,2.84,0.59,34.79,3.05,12.3,8.83,30.31,35.61,10.74,0.58,1.23
2020-04-24,14.91,16.05,3.13,0.6,31.08,2.89,13.2,9.2,31.17,43.08,11.72,0.64,1.19
2020-04-25,17.25,14.91,3.48,0.57,28.7,2.01,11.93,7.88,38.25,60.12,13.36,0.58,1.14
2020-04-26,12.34,17.25,2.83,0.53,27.13,2.4,12.06,8.22,28.09,25.87,11.13,0.46,1.15
2020-04-27,10.3,12.34,2.89,0.53,27.6,2.82,12.76,8.9,23.89,21.14,11.83,0.44,1.19
2020-04-28,12.25,10.3,3.07,0.45,37.29,3.56,13.24,9.54,17.08,34.79,10.82,3.01,1.12
2020-04-29,14.57,12.25,3.66,0.59,49.89,2.7,12.76,8.84,24.1,40.93,13.77,0.54,1.05
2020-04-30,21.39,14.57,3.12,0.56,34.73,1.7,10.33,6.78,20.02,59.34,13.18,0.5,1.02
2020-05-01,22.24,21.39,3.32,0.54,30.38,2.63,11.59,8.18,35.76,62.94,14.28,0.49,1.0
2020-05-02,19.81,22.24,2.77,0.45,26.22,0.87,9.84,5.83,19.61,64.91,12.38,0.4,0.8
2020-05-03,17.98,19.81,2.89,0.45,27.53,1.37,8.65,5.62,28.81,46.16,8.91,0.37,0.89
2020-05-04,10.42,17.98,2.21,0.51,26.5,2.14,11.69,7.66,27.24,27.26,8.62,0.42,1.11
2020-05-05,17.99,10.42,4.42,0.48,30.81,5.65,13.03,10.22,47.91,49.93,12.12,7.13,2.35
2020-05-06,16.21,17.99,1.56,0.46,30.09,1.47,12.43,7.69,36.4,51.32,12.46,0.65,0.6
2020-05-07,13.54,16.21,1.62,0.59,25.12,2.44,12.5,8.47,30.3,50.6,12.11,0.17,0.9
2020-05-08,18.31,13.54,2.15,0.64,24.59,2.66,13.77,9.35,35.8,58.59,13.67,0.21,0.94
2020-05-09,23.0,18.31,2.34,0.61,26.61,1.84,13.92,8.79,34.83,68.68,13.91,0.65,0.77
2020-05-10,24.15,23.0,1.87,0.67,33.88,1.28,12.1,7.2,18.29,70.6,10.23,0.3,0.67
2020-05-11,16.39,24.15,1.61,0.51,30.1,2.15,13.19,8.4,34.39,32.19,10.11,0.48,0.55
2020-05-12,17.07,16.39,1.61,0.49,30.08,0.97,13.43,7.74,31.48,51.9,10.11,0.19,0.42
2020-05-13,34.57,17.07,2.62,0.71,35.92,2.32,16.16,10.29,21.28,80.7,13.26,1.18,0.51
2020-05-14,29.6,34.57,1.78,0.64,42.09,2.72,11.53,8.22,25.04,76.43,11.32,0.54,0.62
2020-05-15,12.35,29.6,1.36,0.41,43.37,2.09,11.65,7.66,33.0,44.33,9.11,1.31,0.52
2020-05-16,20.83,12.35,2.13,0.58,41.37,2.14,12.38,8.18,36.18,58.34,12.49,0.92,1.15
2020-05-17,22.99,20.83,3.15,0.62,33.61,2.75,14.01,9.53,33.99,55.25,14.73,0.24,1.05
2020-05-18,21.46,22.99,3.82,0.59,35.06,2.94,13.04,9.18,36.21,64.99,11.78,0.95,1.04
2020-05-19,16.47,21.46,2.84,0.48,46.44,4.27,15.7,11.67,35.86,46.79,10.49,1.0,0.87
2020-05-20,17.59,16.47,3.94,0.5,9.7,2.84,4.12,9.68,37.58,62.46,11.89,1.72,1.8
2020-05-21,29.03,17.59,4.01,0.6,17.87,3.1,3.97,10.41,38.8,114.38,14.87,1.19,0.89
2020-05-22,35.93,29.03,4.75,0.67,25.39,2.98,4.31,10.11,41.74,148.36,13.91,0.74,0.77
2020-05-23,35.26,35.93,4.74,0.56,25.6,2.99,4.15,9.9,50.61,115.35,12.99,1.22,0.68
2020-05-24,24.52,35.26,3.51,0.45,25.25,3.16,4.5,10.35,47.61,88.82,10.63,0.53,0.7
2020-05-25,26.31,24.52,3.41,0.45,24.84,2.96,4.43,9.78,45.71,79.69,14.61,0.23,0.75
2020-05-26,29.31,26.31,3.67,0.38,26.85,3.63,4.14,10.15,62.14,89.31,17.55,0.67,0.57
2020-05-27,19.09,29.31,3.22,0.38,30.73,4.36,5.67,10.72,57.07,94.4,16.16,0.48,0.47
2020-05-28,19.87,19.09,3.05,0.42,30.12,4.56,7.07,11.44,42.21,94.14,12.95,0.36,0.54
2020-05-29,11.88,19.87,2.8,0.55,29.9,3.83,6.59,10.57,29.66,44.34,11.69,1.97,0.65
2020-05-30,15.25,11.88,3.21,0.48,30.48,3.25,5.34,8.53,28.26,43.99,9.53,0.76,0.77
2020-05-31,16.6,15.25,2.96,0.68,31.62,3.11,5.43,8.27,18.6,31.15,9.95,0.46,0.99
2020-06-01,18.59,16.6,2.95,0.49,30.59,3.23,5.11,8.69,35.57,39.63,13.92,0.49,0.85
2020-06-02,18.36,18.59,2.88,0.32,32.86,4.36,5.02,8.3,28.53,49.0,11.65,0.28,0.42
2020-06-03,16.71,18.36,3.48,0.2,24.7,2.54,9.17,6.52,27.44,55.63,12.02,0.28,0.73
2020-06-04,14.48,16.71,3.07,0.2,33.3,1.49,10.16,6.46,34.95,42.99,11.58,0.19,0.68
2020-06-05,21.25,14.48,3.73,0.23,41.79,1.76,9.52,6.38,27.91,41.22,10.36,0.21,0.94
2020-06-06,22.07,21.25,2.92,0.29,41.78,2.2,8.37,6.1,27.05,34.31,13.94,0.73,0.8
2020-06-07,16.35,22.07,4.81,0.3,40.41,2.94,14.64,9.96,32.2,27.91,11.11,0.62,0.92
2020-06-08,21.12,16.35,4.83,0.3,42.23,3.72,14.96,10.35,33.96,44.53,12.61,0.41,0.87
2020-06-09,29.37,21.12,3.96,0.29,39.71,1.36,11.05,6.89,40.05,60.45,16.51,25.74,0.89
2020-06-10,24.53,29.37,3.56,0.32,35.08,1.92,12.04,7.65,34.92,69.69,10.59,3.21,0.79
2020-06-11,25.59,24.53,3.75,0.3,28.25,2.02,10.68,7.22,44.57,71.11,11.46,4.4,0.72
2020-06-12,33.92,25.59,3.09,0.31,25.72,0.61,8.16,4.75,56.51,84.64,14.37,0.35,0.53
2020-06-13,25.68,33.92,3.75,0.3,26.65,1.35,11.6,7.04,36.37,74.5,8.41,0.44,0.82
2020-06-14,21.72,25.68,4.57,0.3,24.39,3.07,8.43,6.82,37.23,54.51,12.65,0.52,1.17
2020-06-15,21.74,21.72,2.59,0.31,22.38,0.52,6.21,3.66,62.28,69.81,12.87,0.37,0.63
2020-06-16,21.2,21.74,3.17,0.3,28.18,3.68,11.63,8.93,53.87,55.75,13.31,0.45,0.62
2020-06-17,20.84,21.2,3.13,0.31,27.7,2.28,7.87,5.14,53.01,59.04,11.98,0.39,0.67
2020-06-18,28.75,20.84,3.06,0.31,28.94,0.69,8.61,4.82,49.32,72.21,8.31,0.39,0.62
2020-06-19,16.34,28.75,2.9,0.31,35.9,0.88,8.53,5.21,42.03,50.9,7.94,0.39,0.62
2020-06-20,23.97,16.34,3.87,0.3,49.79,1.36,9.83,6.07,32.07,69.58,7.64,0.4,0.65
2020-06-21,26.45,23.97,3.69,0.28,35.05,0.44,9.1,5.08,45.2,57.26,9.62,0.31,0.53
2020-06-22,21.69,26.45,3.55,0.3,28.91,1.02,9.25,5.03,43.95,44.88,14.34,0.3,0.6
2020-06-23,19.17,21.69,3.46,0.29,26.43,1.03,7.69,4.8,36.97,44.48,8.71,0.27,0.83
2020-06-24,16.79,19.17,2.99,0.3,26.44,2.71,8.58,6.59,22.17,29.54,8.3,0.28,0.87
2020-06-25,14.15,16.79,2.96,0.3,25.67,1.88,6.87,5.11,24.25,33.6,13.13,0.29,0.88
2020-06-26,31.84,14.15,3.53,0.31,29.16,0.92,7.4,4.62,43.26,64.54,10.19,0.29,0.77
2020-06-27,35.55,31.84,3.09,0.3,46.74,0.59,6.79,4.02,43.33,68.82,7.42,0.29,0.72
2020-06-28,39.42,35.55,3.52,0.29,44.84,0.67,7.21,4.31,45.54,82.24,13.08,0.39,0.79
2020-06-29,38.89,39.42,3.8,0.3,59.2,1.25,8.57,5.48,35.94,88.27,15.06,0.31,0.77
2020-06-30,20.28,38.89,2.45,0.3,47.19,1.0,7.36,4.62,35.69,45.56,12.3,8.15,1.42
2020-07-01,32.9,20.28,3.31,0.33,36.63,0.56,9.87,5.92,34.33,72.38,14.91,0.33,0.46
