Date,PM2.5,Benzene,CO,NH3,NO,NO2,NOx,O3,PM10,SO2,Toluene,Xylene
2017-04-20,,,0.32,,7.75,9.26,,18.88,119.49,28.43,,
2017-04-21,,,0.27,,8.0,10.2,,15.85,170.61,29.35,,
2017-04-22,,,0.29,,7.92,9.45,,17.76,124.64,33.34,,
2017-04-23,,,0.31,,7.74,9.39,,21.71,107.36,34.1,,
2017-04-24,,,0.33,,7.49,10.72,,17.94,178.28,38.16,,
2017-04-25,,,0.39,,7.95,11.07,,21.16,178.55,13.11,,
2017-04-26,,,0.31,,8.22,12.64,,24.6,312.48,52.54,,
2017-04-27,,,0.32,,8.02,11.34,,24.12,261.1,70.8,,
2017-04-28,,,0.28,,7.84,10.4,,17.64,151.89,25.56,,
2017-04-29,,,0.28,,7.97,10.42,,20.48,188.39,57.19,,
2017-04-30,,,0.29,,8.04,8.75,,15.45,99.66,16.33,,
2017-05-01,,,0.33,,8.06,7.8,,12.01,89.09,20.0,,
2017-05-02,,,0.59,,7.86,10.29,,31.84,105.54,46.35,,
2017-05-03,,,0.31,,7.57,8.8,,19.92,87.13,23.9,,
2017-05-04,,,0.3,,7.67,8.69,,19.84,121.63,38.21,,
2017-05-05,,,0.32,,7.72,9.04,,22.1,124.83,,,
2017-05-06,,,0.36,,7.8,9.45,,29.21,169.22,,,
2017-05-07,,,0.3,,7.9,9.27,,33.89,107.19,,,
2017-05-08,,,0.36,,7.98,9.76,,14.69,103.55,5.62,,
2017-05-09,,,0.29,,7.78,9.24,,,135.11,36.97,,
2017-05-10,,,0.31,,7.78,9.59,,33.75,156.37,59.05,,
2017-05-11,,,0.31,,7.94,9.01,,16.65,128.4,12.28,,
2017-05-12,,,0.33,,7.73,9.37,,18.44,87.52,26.48,,
2017-05-13,,,0.3,,7.71,9.77,,19.6,205.38,42.19,,
2017-05-14,,,0.43,,7.67,10.02,,28.14,194.08,28.22,,
2017-05-15,,,0.33,,7.91,9.49,,50.33,149.04,25.57,,
2017-05-16,,,0.27,,7.53,8.47,,50.94,92.3,22.19,,
2017-05-17,,,0.3,,7.74,9.47,,17.59,120.26,18.81,,
2017-05-18,,,0.4,,7.91,9.56,,48.65,115.24,43.43,,
2017-05-19,,,0.39,,7.98,9.82,,36.24,111.91,21.08,,
2017-05-20,,,0.3,,7.57,8.57,,29.28,94.15,59.65,,
2017-05-21,,,0.29,,7.82,8.66,,37.25,130.72,52.08,,
2017-05-22,,,0.36,,7.47,8.47,,28.23,154.29,36.18,,
2017-05-23,,,0.44,,7.94,9.68,,34.31,149.02,65.81,,
2017-05-24,,,0.38,,7.83,10.22,,15.75,195.18,23.99,,
2017-05-25,,,0.31,,7.94,9.84,,10.3,136.9,48.14,,
2017-05-26,,,0.28,,8.15,9.9,,6.42,98.77,31.56,,
2017-05-27,,,0.42,,8.12,10.32,,10.19,83.56,39.88,,
2017-05-28,,,0.3,,7.94,8.95,,5.72,78.74,30.16,,
2017-05-29,,,0.43,,8.07,10.44,,12.95,109.26,38.3,,
2017-05-30,,,0.43,,8.09,9.25,,11.59,116.99,38.71,,
2017-05-31,,,0.42,,8.17,10.45,,7.08,129.23,47.44,,
2017-06-01,,,0.39,,7.94,9.28,,16.13,101.19,26.29,,
2017-06-02,,,0.36,,7.77,9.85,,11.6,167.86,46.82,,
2017-06-03,,,0.34,,8.02,10.65,,16.98,197.14,28.47,,
2017-06-04,,,0.38,,8.12,8.73,,22.45,175.7,42.62,,
2017-06-05,,,0.34,,8.06,9.7,,10.02,130.9,34.66,,
2017-06-06,,,0.35,,8.1,9.2,,12.56,119.44,24.31,,
2017-06-07,,,0.4,,7.76,8.99,,10.77,177.78,41.41,,
2017-06-08,,,0.4,,7.96,9.89,,6.7,154.1,41.89,,
2017-06-09,,,0.4,,7.77,9.02,,5.77,105.49,20.14,,
2017-06-10,,,0.34,,7.88,10.04,,12.18,97.97,53.68,,
2017-06-11,,,0.36,,7.95,9.78,,5.27,107.84,39.08,,
2017-06-12,,,0.38,,7.67,8.96,,13.51,84.11,,,
2017-06-13,,,0.29,,7.91,9.26,,17.73,138.42,,,
2017-06-14,,,0.43,,8.15,9.83,,21.69,186.63,52.3,,
2017-06-15,,,0.34,,6.87,9.53,,10.24,81.65,23.99,,
2017-06-16,,,0.3,,21.64,13.85,,9.0,122.54,15.99,,
2017-06-17,,,0.42,,7.97,10.3,,24.8,107.21,34.81,,
2017-06-18,,,0.28,,7.68,9.53,,26.71,161.58,16.38,,
2017-06-19,,,0.31,,7.77,9.79,,14.85,110.27,25.25,,
2017-06-20,,,0.31,,7.88,9.75,,10.08,51.38,16.46,,
2017-06-21,,,0.32,,8.13,9.33,,11.76,63.41,11.59,,
2017-06-22,,,0.31,,,,,8.33,99.72,20.21,,
2017-06-23,,,,,,,,10.18,155.17,19.29,,
2017-06-24,,,,,,,,8.07,184.27,18.46,,
2017-06-25,,,,,,,,3.81,,20.34,,
2017-06-26,,,,,,,,2.41,,33.22,,
2017-06-27,,,,,,,,2.02,,50.28,,
2017-06-28,,,,,,,,,,,,
2017-06-29,,,0.19,,,,,35.52,189.13,2.98,,
2017-06-30,,,0.15,,6.04,6.97,,9.01,92.0,45.15,,
2017-07-01,,,0.0,,,,,,,,,
2017-07-02,,,0.0,,,,,,,,,
2017-07-03,,,0.13,,9.28,15.51,,10.32,71.43,19.36,,
2017-07-04,,,0.03,,12.53,17.16,,3.54,16.39,75.55,,
2017-07-05,,,0.05,,7.36,12.39,,7.86,20.45,6.15,,
2017-07-06,,,0.0,,,,,,,,,
2017-07-07,,,0.15,,8.29,13.31,,4.38,69.48,11.76,,
2017-07-08,,,0.0,,,,,,,,,
2017-07-09,,,0.0,,7.41,12.39,,1.01,37.55,,,
2017-07-10,,,0.05,,8.62,14.43,,5.47,49.74,9.98,,
2017-07-11,,,0.03,,8.78,22.16,,2.48,76.65,20.04,,
2017-07-12,,,0.07,,8.34,17.66,,2.75,83.4,15.22,,
2017-07-13,,,,,,,,,,,,
2017-07-14,,,,,,,,,,,,
2017-07-15,,,,,,,,,,,,
2017-07-16,,,,,,,,,,,,
2017-07-17,,,0.28,,6.19,11.26,,44.42,59.05,21.7,,
2017-07-18,,,0.02,,6.65,10.82,,6.81,57.2,18.17,,
2017-07-19,,,0.15,,6.77,10.29,,2.56,41.89,16.69,,
2017-07-20,,,0.35,,7.07,11.37,,,54.63,15.39,,
2017-07-21,,,0.35,,7.06,11.28,,,53.05,14.2,,
2017-07-22,,,0.0,,,,,,,,,
2017-07-23,,,0.09,,6.52,9.18,,,41.13,11.85,,
2017-07-24,,,0.32,,6.9,9.37,,,25.83,13.27,,
2017-07-25,,,0.34,,6.96,9.56,,3.89,18.49,12.3,,
2017-07-26,,,0.3,,6.82,9.63,,,29.83,12.91,,
2017-07-27,,,,,,,,,,,,
2017-07-28,,,,,,,,,,,,
2017-07-29,,,,,,,,,,,,
2017-07-30,,,,,,,,,,,,
2017-07-31,,,,,,,,,,,,
2017-08-01,,,0.24,,6.8,84.6,,14.42,79.25,12.08,,
2017-08-02,,,1.01,,6.87,39.59,,3.52,56.09,11.08,,
2017-08-03,,,,,6.88,8.13,,,43.57,12.21,,
2017-08-04,,,,,6.81,8.21,,,61.97,10.32,,
2017-08-05,,,,,6.72,8.58,,,75.72,17.6,,
2017-08-06,,,,,6.88,8.95,,,66.17,28.12,,
2017-08-07,,,,,6.82,8.46,,,46.57,28.65,,
2017-08-08,,,,,6.82,7.99,,,49.97,12.92,,
2017-08-09,,,,,6.79,7.87,,,45.45,13.35,,
2017-08-10,,,,,6.54,7.38,,,37.48,16.38,,
2017-08-11,,,,,6.65,7.44,,,45.92,18.99,,
2017-08-12,,,,,6.77,7.54,,,36.23,12.9,,
2017-08-13,,,,,6.75,7.84,,,54.73,13.9,,
2017-08-14,,,,,6.47,8.33,,,97.64,14.57,,
2017-08-15,,,,,,,,,,,,
2017-08-16,,,,,6.89,7.7,,,59.33,11.07,,
2017-08-17,,,0.27,,6.8,8.06,,,79.33,11.9,,
2017-08-18,,,0.32,,,,,,88.58,11.7,,
2017-08-19,,,,,,,,,,,,
2017-08-20,,,,,,,,,,,,
2017-08-21,,,0.25,,7.01,8.35,,,59.42,12.18,,
2017-08-22,,,0.3,,6.08,6.95,,,44.52,21.06,,
2017-08-23,,,,,,,,,,,,
2017-08-24,,,0.33,,7.14,9.02,,,39.51,15.69,,
2017-08-25,,,0.13,,6.27,6.6,,,38.25,11.17,,
2017-08-26,,,,,,,,,,,,
2017-08-27,,,,,,,,,,,,
2017-08-28,,,0.28,,7.66,6.9,,,,7.77,,
2017-08-29,,,,,,,,,,,,
2017-08-30,,,,,,,,,,,,
2017-08-31,,,,,,,,,,,,
2017-09-01,,,0.23,,4.36,3.65,,,1.5,12.55,,
2017-09-02,,,,,,,,,,,,
2017-09-03,,,,,,,,,,,,
2017-09-04,,,,,,,,,,,,
2017-09-05,,,0.38,,5.06,6.43,,,56.6,20.75,,
2017-09-06,,,,,,,,,,,,
2017-09-07,,,,,,,,,,,,
2017-09-08,,,0.0,,,,,,,,,
2017-09-09,,,,,,,,,,,,
2017-09-10,,,,,,,,,,,,
2017-09-11,,,,,,,,,,,,
2017-09-12,,,,,,,,,,,,
2017-09-13,,,,,,,,,,,,
2017-09-14,,,,,,,,,,,,
2017-09-15,,,,,,,,,,,,
2017-09-16,,,,,,,,,,,,
2017-09-17,,,,,,,,,,,,
2017-09-18,,,,,,,,,,,,
2017-09-19,,,,,,,,,,,,
2017-09-20,,,,,,,,,,,,
2017-09-21,,,,,,,,,,,,
2017-09-22,,,,,,,,,,,,
2017-09-23,,,,,,,,,,,,
2017-09-24,,,,,,,,,,,,
2017-09-25,,,,,,,,,,,,
2017-09-26,,,,,,,,,,,,
2017-09-27,,,,,,,,,,,,
2017-09-28,,,,,,,,,,,,
2017-09-29,,,,,,,,,,,,
2017-09-30,,,,,,,,,,,,
2017-10-01,,,,,,,,,,,,
2017-10-02,,,,,,,,,,,,
2017-10-03,,,,,,,,,,,,
2017-10-04,,,0.22,6.75,7.5,7.21,,52.5,94.23,19.63,,
2017-10-05,,,0.0,6.77,,,,,,,,
2017-10-06,,,,,,,,,,,,
2017-10-07,,,,,,,,,,,,
2017-10-08,,,,,,,,,,,,
2017-10-09,,,0.33,6.51,6.98,7.31,,,34.7,13.66,,
2017-10-10,,,,6.85,,,,,,,,
2017-10-11,,,,,,,,,,,,
2017-10-12,,,,,,,,,,,,
2017-10-13,,,,,,,,,,,,
2017-10-14,,,,6.56,,,,,,,,
2017-10-15,,,,,,,,,,,,
2017-10-16,,,0.28,6.75,7.68,6.78,,19.97,185.55,27.51,,
2017-10-17,,,,6.76,,,,,,,,
2017-10-18,,,,6.72,,,,,,,,
2017-10-19,,,0.22,6.77,7.28,6.76,,9.14,72.57,33.89,,
2017-10-20,,,,6.69,,,,,,,,
2017-10-21,,,0.36,6.94,7.77,6.48,,23.28,13.7,43.8,,
2017-10-22,,,,,,,,,,,,
2017-10-23,,,,,,,,,,,,
2017-10-24,,,,,,,,,,,,
2017-10-25,,,,,,,,,,,,
2017-10-26,,,,,,,,,,,,
2017-10-27,,,,,,,,,,,,
2017-10-28,,,,,,,,,,,,
2017-10-29,,,,,,,,,,,,
2017-10-30,,,,7.29,,,,,,,,
2017-10-31,,,0.33,6.53,7.02,7.18,,16.68,262.62,33.38,,
2017-11-01,,,0.03,7.69,7.12,2.72,,,53.56,23.74,,
2017-11-02,,,0.02,7.47,6.19,5.56,,,99.23,13.94,,
2017-11-03,,,0.02,,,,,,58.0,22.27,,
2017-11-04,,,0.13,,,,,17.8,110.9,43.55,,
2017-11-05,,,0.19,7.14,8.37,6.46,,10.96,95.08,33.99,,
2017-11-06,,,0.4,8.24,8.74,5.18,,85.92,97.4,52.38,,
2017-11-07,,,,,,,,,,,,
2017-11-08,,,,,,,,,,,,
2017-11-09,,,0.36,6.92,7.1,7.41,,42.08,259.7,42.93,,
2017-11-10,,,0.37,6.63,8.68,7.74,,19.0,110.4,33.91,,
2017-11-11,,,,,,,,,,,,
2017-11-12,,,,,,,,,,,,
2017-11-13,,,0.35,7.04,7.99,9.13,,34.32,144.78,39.87,,
2017-11-14,,,0.37,7.1,9.78,8.99,,31.05,212.3,89.42,,
2017-11-15,,,0.45,6.71,8.82,7.65,,17.43,129.1,89.18,,
2017-11-16,,,,,,,,,,,,
2017-11-17,,,,,,,,,,,,
2017-11-18,,,0.22,7.07,7.44,10.2,,17.39,115.91,61.51,,
2017-11-19,,,,,,,,,,,,
2017-11-20,,,,,,,,,,,,
2017-11-21,,,,,,,,,,,,
2017-11-22,,,,,,,,,,,,
2017-11-23,,,0.5,6.72,8.66,8.27,,44.98,196.1,91.23,,
2017-11-24,,,0.7,7.06,9.56,9.46,,10.7,231.0,38.74,,
2017-11-25,,,0.08,6.84,8.59,9.31,,16.29,235.05,43.56,,
2017-11-26,,,,,,,,,,,,
2017-11-27,,,0.31,6.81,9.11,10.56,,49.61,244.01,43.23,,
2017-11-28,,,0.26,7.13,8.22,10.51,,58.86,151.5,3.26,,
2017-11-29,,,0.18,7.0,7.0,10.36,,53.64,184.55,79.46,,
2017-11-30,,,,,,,,,,,,
2017-12-01,,,,,,,,,,,,
2017-12-02,,,,,,,,,,,,
2017-12-03,,,,,,,,,,,,
2017-12-04,,,,,,,,,,,,
2017-12-05,,,,,,,,,,,,
2017-12-06,,,,,,,,,,,,
2017-12-07,,,,,,,,,,,,
2017-12-08,,,,,,,,,,,,
2017-12-09,,,,,,,,,,,,
2017-12-10,,,,,,,,,,,,
2017-12-11,,,,,,,,,,,,
2017-12-12,,,,,,,,,,,,
2017-12-13,,,,,,,,,,,,
2017-12-14,,,,,,,,,,,,
2017-12-15,,,,,,,,,,,,
2017-12-16,,,,,,,,,,,,
2017-12-17,,,,,,,,,,,,
2017-12-18,,,,,,,,,,,,
2017-12-19,,,,,,,,,,,,
2017-12-20,,,0.39,6.93,12.15,11.85,,44.02,177.37,57.09,,
2017-12-21,,,0.35,6.97,10.7,10.67,,92.07,147.58,37.13,,
2017-12-22,,,0.33,7.04,9.41,10.14,,44.94,125.99,36.49,,
2017-12-23,,,0.32,6.93,9.85,10.5,,27.97,185.76,30.87,,
2017-12-24,,,0.35,6.9,9.33,10.39,,23.24,183.64,41.49,,
2017-12-25,,,,,,,,,,,,
2017-12-26,,,0.36,6.92,8.61,10.51,,31.51,155.52,82.01,,
2017-12-27,,,0.32,6.98,9.37,10.43,,28.59,145.69,50.32,,
2017-12-28,,,0.41,6.97,10.14,11.67,,31.34,200.02,65.31,,
2017-12-29,,,0.34,6.88,10.72,11.86,,65.8,231.28,68.86,,
2017-12-30,,,0.3,6.99,13.59,12.92,,27.15,279.45,79.37,,
2017-12-31,,,0.42,6.76,15.66,15.43,,9.06,269.77,90.57,,
2018-01-01,,,0.18,7.38,15.37,12.62,,3.82,276.75,42.02,,
2018-01-02,,,0.41,6.84,9.7,11.77,,26.48,133.28,68.27,,
2018-01-03,,,0.32,6.93,8.42,9.73,,25.19,102.45,36.65,,
2018-01-04,,,0.37,7.07,7.17,10.23,,28.05,160.61,50.94,,
2018-01-05,,,0.31,,,,,7.22,274.55,32.47,,
2018-01-06,,,,,,,,,,,,
2018-01-07,,,,,,,,,,,,
2018-01-08,,,,,,,,,,,,
2018-01-09,,,,,,,,,,,,
2018-01-10,,,0.28,6.71,8.05,10.32,,41.4,168.98,77.18,,
2018-01-11,,,0.34,6.88,9.06,11.01,,47.58,168.65,54.32,,
2018-01-12,,,0.31,6.88,9.72,12.83,,20.76,295.04,55.08,,
2018-01-13,,,0.32,7.03,9.04,11.11,,27.21,184.4,,,
2018-01-14,,,0.31,6.85,8.48,10.39,,27.94,157.44,,,
2018-01-15,,,0.31,6.89,8.21,10.5,,31.08,158.25,68.66,,
2018-01-16,,,0.4,6.89,9.56,11.82,,41.2,202.4,55.34,,
2018-01-17,,,0.27,6.95,11.05,12.11,,27.28,241.21,56.92,,
2018-01-18,,,0.34,6.99,9.83,11.64,,23.77,165.49,55.11,,
2018-01-19,,,0.31,6.93,10.28,11.84,,23.47,197.7,59.55,,
2018-01-20,,,0.35,7.11,10.07,11.09,,26.94,137.24,60.54,,
2018-01-21,,,0.36,7.02,8.78,10.21,,24.24,146.55,59.32,,
2018-01-22,,,0.32,6.85,11.74,13.07,,24.22,246.1,72.63,,
2018-01-23,,,0.32,7.09,10.55,11.98,,19.66,165.4,73.57,,
2018-01-24,,,0.35,7.03,10.14,12.43,,16.64,237.11,96.93,,
2018-01-25,,,0.27,7.06,8.64,9.92,,18.61,89.61,44.84,,
2018-01-26,,,0.34,6.99,9.31,10.57,,19.74,123.43,47.29,,
2018-01-27,,,0.35,6.97,8.82,10.02,,18.34,128.31,43.63,,
2018-01-28,,,0.32,6.89,10.08,11.35,,16.14,90.25,69.09,,
2018-01-29,,,0.35,7.03,10.12,10.87,,18.41,203.31,59.28,,
2018-01-30,,,0.35,6.89,10.08,10.91,,22.06,164.43,46.58,,
2018-01-31,,,0.32,7.04,8.49,9.4,,17.04,117.28,55.96,,
2018-02-01,,,0.33,6.78,8.83,10.65,,17.92,153.48,53.45,,
2018-02-02,,,0.3,7.02,9.06,9.76,,20.57,173.34,55.87,,
2018-02-03,,,0.41,6.97,9.83,11.03,,15.59,265.75,89.33,,
2018-02-04,,,0.33,6.99,10.89,11.8,,15.67,225.9,95.57,,
2018-02-05,,,0.3,6.96,10.25,10.93,,15.69,315.27,87.95,,
2018-02-06,,,0.3,6.95,8.97,9.38,,16.24,211.45,49.97,,
2018-02-07,,,0.3,7.02,8.4,8.95,,23.75,245.7,42.01,,
2018-02-08,,,0.35,6.88,8.6,9.21,,18.83,141.45,67.06,,
2018-02-09,,,0.38,6.87,9.9,10.37,,16.82,289.1,91.04,,
2018-02-10,,,0.26,6.99,9.54,10.26,,17.2,273.86,54.32,,
2018-02-11,,,0.37,6.72,9.96,11.02,,19.08,137.15,85.41,,
2018-02-12,,,0.37,6.85,10.25,10.66,,26.05,151.52,106.43,,
2018-02-13,,,0.34,6.82,10.65,10.21,,11.88,155.41,88.97,,
2018-02-14,,,0.3,6.91,8.42,8.64,,12.69,58.74,43.95,,
2018-02-15,,,0.3,7.03,8.46,8.85,,31.89,85.3,48.95,,
2018-02-16,,,0.35,6.87,14.5,10.1,,52.92,98.39,71.81,,
2018-02-17,,,0.26,7.04,9.34,9.42,,165.48,99.2,47.19,,
2018-02-18,,,,,,,,,,,,
2018-02-19,,,0.36,6.59,10.44,11.01,,39.56,226.15,98.62,,
2018-02-20,,,0.35,6.97,8.63,9.76,,41.95,199.04,104.55,,
2018-02-21,,,0.33,6.87,8.45,9.39,,47.12,144.54,94.32,,
2018-02-22,,,0.3,6.91,9.11,9.44,,31.74,147.96,73.58,,
2018-02-23,,,0.42,6.96,10.25,9.93,,35.74,159.26,,,
2018-02-24,,,0.34,6.89,10.71,10.4,,38.0,178.2,,,
2018-02-25,,,0.38,6.95,9.07,9.8,,36.6,240.43,,,
2018-02-26,,,0.35,6.86,9.4,8.5,,42.07,130.66,,,
2018-02-27,,,0.36,6.86,10.16,9.04,,37.54,127.78,,,
2018-02-28,,,0.27,6.88,8.79,9.26,,38.03,127.41,88.02,,
2018-03-01,,,0.39,6.94,11.18,9.42,,22.62,232.78,,,
2018-03-02,,,0.34,6.92,8.95,8.92,,20.8,130.12,,,
2018-03-03,,,0.26,6.86,8.36,8.96,,28.21,124.44,,,
2018-03-04,,,0.32,6.86,8.32,8.29,,77.78,202.58,,,
2018-03-05,,,0.28,6.91,8.08,7.83,,28.14,270.09,65.83,,
2018-03-06,,,0.32,6.9,8.53,8.31,,28.27,116.91,110.05,,
2018-03-07,,,0.31,6.83,8.16,8.49,,27.08,193.53,61.64,,
2018-03-08,,,0.34,6.91,8.79,10.82,,36.45,199.47,139.41,,
2018-03-09,,,0.35,6.76,8.75,10.15,,95.28,146.95,90.09,,
2018-03-10,,,0.29,6.83,8.26,9.07,,57.22,123.73,90.44,,
2018-03-11,,,0.32,6.87,8.87,9.18,,33.62,133.96,95.07,,
2018-03-12,,,0.41,6.91,9.43,10.02,,29.76,214.59,128.96,,
2018-03-13,,,0.32,6.89,9.17,10.28,,40.82,160.38,124.04,,
2018-03-14,,,0.32,6.8,9.16,9.84,,35.31,130.73,98.8,,
2018-03-15,,,0.36,6.96,12.11,10.48,,27.88,167.31,133.82,,
2018-03-16,,,0.27,6.79,8.92,8.89,,29.59,224.71,97.28,,
2018-03-17,,,0.35,6.79,8.25,8.88,,30.87,99.24,109.58,,
2018-03-18,,,0.34,6.8,8.18,9.11,,30.39,129.45,111.18,,
2018-03-19,,,0.39,6.89,8.54,8.92,,21.3,189.85,89.18,,
2018-03-20,,,0.32,6.87,8.69,9.14,,25.23,220.36,115.88,,
2018-03-21,,,0.3,6.8,12.79,12.41,,22.65,255.57,125.48,,
2018-03-22,,,0.38,6.98,15.75,12.83,,24.94,361.07,145.88,,
2018-03-23,,,0.33,6.82,9.63,10.69,,21.34,301.27,125.55,,
2018-03-24,,,0.36,6.83,9.68,10.28,,16.77,167.69,123.19,,
2018-03-25,,,0.46,6.67,9.9,9.66,,4.71,139.75,117.36,,
2018-03-26,,,0.0,,,,,,,,,
2018-03-27,,,0.0,,,,,,,,,
2018-03-28,,,0.1,7.25,8.48,7.39,,58.97,290.3,132.04,,
2018-03-29,,,0.0,,,,,,,,,
2018-03-30,,,0.0,,,,,,,,,
2018-03-31,,,0.0,,,,,,,,,
2018-04-01,,,0.0,,,,,,,,,
2018-04-02,,,0.0,,,,,,,,,
2018-04-03,,,,,10.14,6.38,,22.2,298.46,110.28,,
2018-04-04,,,0.0,,,,,,,,,
2018-04-05,,,0.0,,,,,,,,,
2018-04-06,,,0.12,6.45,6.83,7.53,,32.8,125.87,,,
2018-04-07,,,0.2,6.54,8.7,7.88,,3.7,583.35,,,
2018-04-08,,,,,,,,,,,,
2018-04-09,,,,,,,,,,,,
2018-04-10,,,,,,,,,,,,
2018-04-11,,,0.87,,,,,43.76,165.86,,,
2018-04-12,,,0.39,6.67,7.79,8.19,,38.2,84.74,86.71,,
2018-04-13,,,0.35,6.74,7.59,8.1,,8.06,28.06,77.74,,
2018-04-14,,,,,,,,,,,,
2018-04-15,,,,,,,,,,,,
2018-04-16,,,,,,,,,,,,
2018-04-17,,,,,,,,,,,,
2018-04-18,,,,,,,,,,,,
2018-04-19,,,0.28,6.88,7.54,7.37,,29.66,142.58,,,
2018-04-20,,,0.52,6.71,7.59,8.24,,21.34,120.66,54.27,,
2018-04-21,,,0.27,6.89,8.67,7.53,,2.14,46.22,29.93,,
2018-04-22,,,,,,,,,,,,
2018-04-23,,,0.31,7.05,8.84,9.48,,36.21,120.74,87.73,,
2018-04-24,,,0.46,6.93,10.39,10.34,,31.36,140.02,113.53,,
2018-04-25,,,0.43,6.07,11.02,11.29,,15.89,153.75,153.19,,
2018-04-26,,,1.13,6.71,8.97,10.16,,24.81,45.41,158.25,,
2018-04-27,,,0.0,7.04,10.69,12.24,,39.86,,,,
2018-04-28,,,0.47,8.14,9.75,5.69,,39.91,59.0,28.27,,
2018-04-29,,,0.47,7.54,7.49,6.65,,57.72,,,,
2018-04-30,,,0.34,7.37,9.24,4.73,,21.46,407.0,,,
2018-05-01,,,0.34,6.97,7.64,6.71,,23.72,76.4,140.43,,
2018-05-02,,,0.0,6.67,6.34,6.81,,25.86,,,,
2018-05-03,,,0.51,6.62,7.02,6.04,,40.97,46.81,135.62,,
2018-05-04,,,0.0,,,,,45.32,46.7,,,
2018-05-05,,,0.46,6.58,5.92,6.45,,40.5,46.34,97.43,,
2018-05-06,,,,,,,,,,,,
2018-05-07,,,,,,,,,,,,
2018-05-08,,,1.26,,,,,8.42,,,,
2018-05-09,,,,,,,,,,,,
2018-05-10,,,,,,,,,,,,
2018-05-11,,,,,,,,,,,,
2018-05-12,,,,,,,,,,,,
2018-05-13,,,,,,,,,,,,
2018-05-14,,,,,,,,,,,,
2018-05-15,,,,,,,,,,,,
2018-05-16,,,,,,,,,,,,
2018-05-17,,,,,,,,,,,,
2018-05-18,,,0.15,6.9,10.3,7.34,,16.75,,,,
2018-05-19,,,,,,,,,,,,
2018-05-20,,,,,,,,,,,,
2018-05-21,,,,,,,,,,,,
2018-05-22,,,0.0,6.59,7.02,8.19,,26.11,,,,
2018-05-23,,,,,,,,,,,,
2018-05-24,,,,,,,,,,,,
2018-05-25,,,,,,,,,,,,
2018-05-26,,,,,,,,,,,,
2018-05-27,,,,,,,,,,,,
2018-05-28,,,,,,,,,,,,
2018-05-29,,,0.05,8.52,18.45,6.13,,19.11,49.8,5.21,,
2018-05-30,,,0.0,,,,,,,,,
2018-05-31,,,,,,,,,,,,
2018-06-01,,,,,,,,,,,,
2018-06-02,,,0.35,7.83,15.56,8.42,,26.71,81.84,71.0,,
2018-06-03,,,0.51,7.91,15.03,7.78,,33.31,105.91,61.32,,
2018-06-04,,,0.42,7.66,15.56,8.46,,14.86,144.27,77.53,,
2018-06-05,,,0.38,8.03,14.75,7.18,,11.92,171.14,54.4,,
2018-06-06,,,0.36,7.93,14.7,7.45,,19.82,136.1,48.72,,
2018-06-07,,,0.38,7.71,15.09,7.6,,77.12,148.89,32.71,,
2018-06-08,,,0.44,8.2,15.22,6.68,,55.48,113.36,35.42,,
2018-06-09,,,,,,,,,,,,
2018-06-10,,,,,,,,,,,,
2018-06-11,,,,,,,,,,,,
2018-06-12,,,,,,,,,,,,
2018-06-13,,,,,,,,,,,,
2018-06-14,,,3.75,5.92,8.81,10.76,,,,,,
2018-06-15,,,0.91,6.33,10.98,7.5,,41.14,160.53,138.64,,
2018-06-16,,,,,,,,,,,,
2018-06-17,,,,,,,,,,,,
2018-06-18,,,,,,,,,,,,
2018-06-19,,,,,,,,,,,,
2018-06-20,,,,,,,,,,,,
2018-06-21,,,,,,,,,,,,
2018-06-22,,,,,,,,,,,,
2018-06-23,,,,,,,,,,,,
2018-06-24,,,,,,,,,,,,
2018-06-25,,,,,,,,,,,,
2018-06-26,,,,,,,,,,,,
2018-06-27,,,,,,,,,,,,
2018-06-28,,,,,,,,,,,,
2018-06-29,,,,,,,,,,,,
2018-06-30,,,,,,,,,,,,
2018-07-01,,,,,,,,,,,,
2018-07-02,,,0.0,,,,,,,,,
2018-07-03,,,0.07,6.5,5.92,6.64,,10.86,99.28,12.94,,
2018-07-04,,,0.44,6.54,6.15,6.44,,7.3,49.82,26.54,,
2018-07-05,,,0.33,6.56,6.64,6.0,,6.12,65.94,19.91,,
2018-07-06,,,0.35,6.59,6.53,6.8,,9.44,159.22,30.23,,
2018-07-07,,,0.3,6.57,6.41,6.78,,7.79,113.33,22.49,,
2018-07-08,,,0.3,6.62,6.58,6.76,,5.7,96.66,25.04,,
2018-07-09,,,0.32,6.67,7.71,7.27,,6.36,81.75,22.98,,
2018-07-10,,,0.28,6.71,7.74,7.44,,7.53,86.9,24.14,,
2018-07-11,,,0.29,6.64,7.32,7.34,,38.91,100.95,22.15,,
2018-07-12,,,0.29,6.73,7.33,7.15,,16.8,98.9,25.75,,
2018-07-13,,,0.3,6.68,7.5,7.05,,5.38,89.74,21.22,,
2018-07-14,,,0.28,6.61,7.41,7.09,,4.84,66.96,20.74,,
2018-07-15,,,0.34,6.67,7.4,7.32,,11.75,69.66,29.04,,
2018-07-16,,,0.35,6.62,7.4,7.49,,18.73,69.45,25.72,,
2018-07-17,,,0.33,6.63,7.24,7.47,,17.16,59.99,21.44,,
2018-07-18,,,0.32,6.63,7.14,7.08,,37.17,88.62,20.48,,
2018-07-19,,,0.33,6.64,7.39,7.61,,28.38,112.81,17.07,,
2018-07-20,,,0.34,6.64,7.32,7.32,,8.55,116.51,31.72,,
2018-07-21,,,0.38,6.61,7.04,7.2,,5.77,68.22,24.99,,
2018-07-22,,,0.46,6.6,7.1,7.43,,5.78,49.91,27.94,,
2018-07-23,,,0.33,6.61,7.13,7.27,,4.74,52.53,33.36,,
2018-07-24,,,0.32,6.64,7.15,6.83,,10.31,74.82,19.31,,
2018-07-25,,,0.42,6.72,7.05,6.77,,10.18,83.12,29.3,,
2018-07-26,,,0.37,6.62,7.23,7.14,,48.94,61.97,29.56,,
2018-07-27,,,0.26,6.58,7.09,7.11,,23.63,50.86,22.57,,
2018-07-28,,,0.3,6.71,7.13,6.97,,8.24,91.23,18.95,,
2018-07-29,,,0.37,6.62,7.16,7.06,,14.72,120.11,20.09,,
2018-07-30,,,0.4,6.69,6.67,7.17,,10.89,179.33,30.85,,
2018-07-31,,,0.39,6.61,7.03,7.12,,18.93,86.95,29.98,,
2018-08-01,,,0.32,6.62,6.96,7.03,,16.69,86.96,20.23,,
2018-08-02,,,0.34,6.59,6.71,6.88,,13.74,70.68,15.93,,
2018-08-03,,,0.23,6.66,6.91,6.8,,16.13,77.32,15.2,,
2018-08-04,,,0.36,6.63,7.03,6.78,,15.09,135.24,11.15,,
2018-08-05,,,0.32,6.62,7.06,6.86,,15.32,191.13,26.41,,
2018-08-06,,,0.34,6.62,7.03,6.88,,12.0,120.67,17.0,,
2018-08-07,,,0.34,6.66,7.09,7.14,,40.13,109.67,21.87,,
2018-08-08,,,0.35,6.64,6.94,7.27,,13.16,104.7,26.77,,
2018-08-09,,,0.37,6.6,7.22,7.16,,4.94,109.37,26.89,,
2018-08-10,,,0.47,6.64,7.25,7.05,,5.66,119.04,43.34,,
2018-08-11,,,0.43,6.6,7.03,7.34,,5.05,117.11,35.51,,
2018-08-12,,,0.42,6.6,6.98,7.11,,4.59,117.12,39.72,,
2018-08-13,,,0.4,6.58,7.1,7.61,,3.7,147.82,32.66,,
2018-08-14,,,0.4,6.62,6.98,7.37,,4.52,118.01,33.78,,
2018-08-15,,,0.4,6.6,6.93,7.39,,3.97,116.96,36.12,,
2018-08-16,,,0.38,6.62,6.89,7.47,,19.68,97.55,42.88,,
2018-08-17,,,0.45,6.59,7.13,7.24,,22.58,115.41,49.09,,
2018-08-18,,,0.46,7.08,7.4,10.2,,6.54,163.25,40.02,,
2018-08-19,,,0.39,6.63,7.43,9.14,,5.66,194.13,65.43,,
2018-08-20,,,0.47,6.64,7.03,7.52,,28.25,91.71,50.25,,
2018-08-21,,,0.65,6.56,7.31,7.68,,102.19,85.73,63.24,,
2018-08-22,,,0.43,6.6,7.01,7.28,,24.47,111.4,53.8,,
2018-08-23,,,0.44,6.62,6.99,6.94,,20.61,129.96,52.5,,
2018-08-24,,,0.34,6.57,6.96,7.27,,20.77,143.75,30.0,,
2018-08-25,,,0.4,6.59,6.99,7.11,,22.77,152.22,31.45,,
2018-08-26,,,0.43,6.53,6.7,7.21,,16.27,146.81,42.26,,
2018-08-27,,,0.36,6.59,7.02,7.31,,14.34,93.89,33.12,,
2018-08-28,,,0.34,6.61,7.12,7.4,,66.52,102.98,28.42,,
2018-08-29,,,0.42,6.59,7.22,7.25,,21.17,99.33,45.69,,
2018-08-30,,,0.46,6.58,7.13,7.23,,5.94,146.37,45.09,,
2018-08-31,,,0.47,6.67,8.54,7.61,,8.14,146.62,46.46,,
2018-09-01,,,0.39,6.71,7.02,6.93,,43.97,123.14,39.45,,
2018-09-02,,,0.38,6.58,6.96,7.02,,33.33,100.79,17.59,,
2018-09-03,,,0.3,6.57,7.17,7.15,,13.6,67.46,42.76,,
2018-09-04,,,0.0,6.58,7.09,6.92,,14.02,106.0,28.26,,
2018-09-05,,,0.0,6.61,7.1,7.13,,20.61,88.89,28.6,,
2018-09-06,,,0.0,6.61,7.16,7.27,,13.74,84.94,35.15,,
2018-09-07,,,0.0,6.64,7.07,7.1,,12.45,67.82,30.67,,
2018-09-08,,,0.0,6.57,7.21,7.44,,18.8,121.14,84.55,,
2018-09-09,,,0.0,,,,,,,,,
2018-09-10,,,,,,,,,,,,
2018-09-11,,,,,,,,,,,,
2018-09-12,,,,,,,,,,,,
2018-09-13,,,,,,,,,,,,
2018-09-14,,,,,,,,,,,,
2018-09-15,,,,,,,,,,,,
2018-09-16,,,,,,,,,,,,
2018-09-17,,,,,,,,,,,,
2018-09-18,,,,,,,,,,,,
2018-09-19,,,,,,,,,,,,
2018-09-20,,,,,,,,,,,,
2018-09-21,,,,,,,,,,,,
2018-09-22,,,,,,,,,,,,
2018-09-23,,,,,,,,,,,,
2018-09-24,,,0.0,6.59,6.55,7.63,,25.46,159.15,,,
2018-09-25,,,0.0,,,,,,,,,
2018-09-26,,,,,,,,,,,,
2018-09-27,,,,,,,,,,,,
2018-09-28,,,,,,,,,,,,
2018-09-29,,,,,,,,,,,,
2018-09-30,,,,,,,,,,,,
2018-10-01,,,,,,,,,,,,
2018-10-02,,,,,,,,,,,,
2018-10-03,,,0.0,6.53,6.72,7.68,,38.33,204.97,,,
2018-10-04,,,0.0,6.54,7.09,7.45,,22.61,305.39,,,
2018-10-05,,,0.0,6.53,7.13,7.69,,21.55,342.4,,,
2018-10-06,,,0.0,6.54,7.02,7.52,,24.05,315.84,,,
2018-10-07,,,0.0,6.44,6.56,7.69,,17.34,310.64,,,
2018-10-08,,,0.0,6.37,7.14,7.88,,51.14,343.78,,,
2018-10-09,,,0.0,6.55,7.26,7.68,,18.49,362.61,,,
2018-10-10,,,0.0,6.55,7.22,7.71,,16.69,358.43,,,
2018-10-11,,,0.0,6.58,7.02,7.58,,10.82,105.58,,,
2018-10-12,,,0.0,6.56,7.26,7.67,,9.49,134.55,,,
2018-10-13,,,0.0,6.53,7.44,7.59,,15.58,134.45,,,
2018-10-14,,,0.0,6.57,7.22,7.02,,19.84,127.22,,,
2018-10-15,,,,,,,,,,,,
2018-10-16,,,0.0,6.62,6.89,7.63,,62.89,379.98,,,
2018-10-17,,,0.0,6.55,6.79,7.28,,35.78,286.64,,,
2018-10-18,,,0.0,6.61,7.13,7.18,,26.8,293.44,,,
2018-10-19,,,0.0,6.61,7.23,6.95,,30.43,283.64,,,
2018-10-20,,,0.0,6.58,6.92,6.97,,29.82,222.86,,,
2018-10-21,,,0.0,6.57,6.97,7.12,,27.09,292.8,,,
2018-10-22,,,0.0,6.6,7.06,7.02,,27.74,397.63,,,
2018-10-23,,,0.0,6.65,6.9,6.94,,25.74,379.78,,,
2018-10-24,,,0.0,6.6,6.99,6.95,,31.32,262.56,,,
2018-10-25,,,0.0,6.68,6.87,7.19,,29.8,258.84,,,
2018-10-26,,,0.0,6.6,6.86,7.42,,31.37,299.21,,,
2018-10-27,,,0.0,6.64,7.28,7.27,,22.19,267.77,,,
2018-10-28,,,0.0,6.59,7.09,7.19,,25.82,254.9,,,
2018-10-29,,,0.0,6.65,7.14,7.21,,23.14,278.32,,,
2018-10-30,,,0.0,6.64,6.83,7.0,,19.4,192.25,,,
2018-10-31,,,0.0,6.63,7.55,7.37,,25.82,227.19,,,
2018-11-01,,,0.0,6.65,7.42,7.21,,17.26,268.34,,,
2018-11-02,,,0.0,6.63,7.69,7.27,,30.67,295.6,,,
2018-11-03,,,0.0,6.71,7.91,6.98,,11.88,300.9,,,
2018-11-04,,,0.0,6.72,7.98,7.22,,13.32,338.4,,,
2018-11-05,,,0.0,6.72,7.58,6.85,,24.42,320.33,,,
2018-11-06,,,0.0,6.66,7.71,7.43,,18.83,314.2,,,
2018-11-07,,,0.0,6.71,7.18,6.98,,68.7,429.17,,,
2018-11-08,,,0.0,6.66,7.03,7.59,,86.12,466.99,,,
2018-11-09,,,0.0,6.79,9.8,7.46,,76.23,330.12,,,
2018-11-10,,,0.0,6.7,7.44,7.1,,26.92,365.35,,,
2018-11-11,,,0.0,6.67,7.23,7.1,,27.08,339.24,,,
2018-11-12,,,0.0,6.64,7.18,7.27,,30.43,388.77,,,
2018-11-13,,,0.0,6.63,6.69,6.6,,43.21,396.72,,,
2018-11-14,,,0.0,6.65,7.45,7.17,,15.75,488.67,,,
2018-11-15,,,0.0,6.59,6.84,6.78,,18.39,454.92,,,
2018-11-16,,,,,,,,,,,,
2018-11-17,,,,,,,,,,,,
2018-11-18,,,,,,,,,,,,
2018-11-19,,,,,,,,,,,,
2018-11-20,,,0.0,6.78,7.49,7.76,,9.68,735.36,,,
2018-11-21,,,0.0,6.6,7.26,7.51,,16.59,469.99,,,
2018-11-22,,,0.0,6.62,7.03,7.17,,20.61,326.64,,,
2018-11-23,,,0.0,6.67,6.99,6.91,,21.73,336.19,,,
2018-11-24,,,0.0,6.56,6.92,7.16,,23.21,322.36,87.14,,
2018-11-25,,,0.0,6.63,6.98,7.46,,19.47,397.89,73.35,,
2018-11-26,,,0.0,6.65,7.42,7.63,,13.01,458.18,70.85,,
2018-11-27,,,0.0,6.72,7.97,7.84,,13.21,456.38,82.39,,
2018-11-28,,,0.0,6.6,7.68,7.83,,33.52,369.99,72.44,,
2018-11-29,,,0.0,6.61,7.45,7.82,,9.01,373.13,84.29,,
2018-11-30,,,0.0,6.67,7.14,7.66,,28.14,354.37,80.77,,
2018-12-01,,,0.0,6.64,7.32,7.43,,24.87,389.15,55.6,,
2018-12-02,,,0.0,6.57,7.3,7.73,,15.8,388.47,56.59,,
2018-12-03,,,0.0,6.67,7.09,7.21,,21.87,350.58,60.73,,
2018-12-04,,,0.0,6.66,7.15,6.88,,98.28,410.45,71.8,,
2018-12-05,,,0.0,6.74,7.18,7.11,,43.95,639.27,22.2,,
2018-12-06,,,0.0,6.73,7.23,7.38,,31.47,417.79,46.54,,
2018-12-07,,,0.0,6.69,6.65,7.1,,26.86,330.05,97.54,,
2018-12-08,,,0.0,,,,,,,,,
2018-12-09,,,,,,,,,,,,
2018-12-10,,,0.0,6.76,7.6,8.02,,15.65,599.35,97.68,,
2018-12-11,,,0.0,6.7,7.4,7.89,,9.27,528.33,103.12,,
2018-12-12,,,,6.63,7.53,7.87,,10.17,493.89,84.34,,
2018-12-13,,,,6.68,7.23,7.85,,7.98,488.84,100.25,,
2018-12-14,,,,6.68,7.23,7.72,,15.21,499.41,100.62,,
2018-12-15,,,,6.62,7.06,7.26,,19.75,301.18,68.52,,
2018-12-16,,,,6.67,7.12,7.31,,15.25,343.44,76.67,,
2018-12-17,,,,6.61,6.75,7.4,,9.67,266.98,49.26,,
2018-12-18,,,,6.61,6.8,7.68,,7.77,117.61,44.83,,
2018-12-19,,,,6.62,7.41,7.63,,8.58,268.12,39.31,,
2018-12-20,,,,6.66,7.59,7.77,,13.96,493.13,65.28,,
2018-12-21,,,,6.69,7.06,7.5,,16.74,373.4,48.49,,
2018-12-22,,,,6.7,6.7,7.7,,6.79,519.85,31.15,,
2018-12-23,,,,,,,,,,,,
2018-12-24,,,,6.69,6.49,7.08,,37.4,249.85,83.84,,
2018-12-25,,,,,,,,,,,,
2018-12-26,,,,6.74,7.73,7.69,,80.46,493.48,94.0,,
2018-12-27,,,,6.62,7.21,7.73,,54.7,378.14,71.42,,
2018-12-28,,,,6.71,6.96,7.08,,20.19,296.7,51.28,,
2018-12-29,,,,6.67,7.21,7.88,,22.13,357.16,121.29,,
2018-12-30,,,,6.72,7.05,7.34,,16.12,362.09,66.35,,
2018-12-31,,,,6.69,7.07,7.47,,18.74,413.78,71.01,,
2019-01-01,,,,6.66,7.11,7.79,,16.6,484.34,57.26,,
2019-01-02,,,,6.7,7.8,8.1,,17.35,422.12,56.69,,
2019-01-03,,,,6.7,7.83,7.86,,24.93,502.23,92.36,,
2019-01-04,,,,6.68,7.5,7.71,,31.63,559.79,77.15,,
2019-01-05,,,,6.74,8.1,7.99,,58.45,599.3,72.4,,
2019-01-06,,,,6.67,7.71,7.82,,31.31,500.88,84.93,,
2019-01-07,,,,6.75,7.72,7.89,,8.46,549.21,88.68,,
2019-01-08,,,,6.14,10.2,12.37,,14.64,331.19,59.22,,
2019-01-09,217.13,,0.0,6.27,9.85,10.9,,117.3,278.74,63.8,,
2019-01-10,140.03,,,6.3,10.29,10.91,,31.68,200.64,53.83,,
2019-01-11,155.38,,,6.37,10.72,11.21,,12.57,242.69,81.28,,
2019-01-12,166.85,,,6.4,10.9,11.47,,12.37,262.83,86.1,,
2019-01-13,179.51,,,6.35,10.77,11.66,,18.36,300.54,91.58,,
2019-01-14,161.22,,,6.28,9.95,10.85,,53.85,297.14,100.81,,
2019-01-15,97.48,,,6.23,9.72,10.82,,117.83,156.89,49.13,,
2019-01-16,105.12,,,6.37,10.03,10.57,,55.36,175.15,53.84,,
2019-01-17,120.37,,,6.37,9.99,10.67,,40.67,199.94,75.24,,
2019-01-18,116.5,,,6.35,9.97,10.44,,32.22,192.38,55.29,,
2019-01-19,115.44,,,6.27,9.92,10.38,,90.95,204.44,68.45,,
2019-01-20,126.81,,,6.3,9.82,10.65,,43.08,222.39,77.2,,
2019-01-21,113.6,,,6.35,10.16,10.63,,51.84,218.59,73.2,,
2019-01-22,159.44,,0.0,6.37,9.92,10.84,,31.6,288.67,92.27,,
2019-01-23,129.29,,,6.36,9.72,10.26,,32.31,228.51,114.35,,
2019-01-24,121.03,,0.0,6.29,9.51,10.31,,42.44,218.6,87.95,,
2019-01-25,101.74,,0.0,6.35,9.54,10.19,,30.29,191.07,104.06,,
2019-01-26,104.28,,,6.34,9.44,10.23,,16.73,180.63,68.96,,
2019-01-27,74.06,,,6.32,9.67,10.02,,32.81,113.37,41.02,,
2019-01-28,72.47,,,6.32,9.53,10.04,,39.49,120.12,41.44,,
2019-01-29,58.89,,,6.28,9.69,10.12,,46.17,107.66,41.58,,
2019-01-30,73.78,,,6.39,10.25,10.39,,28.75,145.37,65.88,,
2019-01-31,128.32,,,6.33,10.15,10.35,,29.38,234.17,84.29,,
2019-02-01,118.18,,0.0,6.41,10.34,10.3,,10.94,216.22,84.97,,
2019-02-02,91.4,,,6.34,9.58,10.27,,14.27,184.04,82.05,,
2019-02-03,100.41,,0.0,6.39,9.73,10.08,,14.29,203.47,100.81,,
2019-02-04,96.46,,,6.33,9.56,9.96,,16.01,181.49,95.05,,
2019-02-05,99.72,,,6.33,9.13,9.98,,17.84,174.35,94.12,,
2019-02-06,96.14,,,6.31,9.51,10.13,,15.47,189.46,87.35,,
2019-02-07,120.88,,,6.29,9.59,10.31,,14.8,243.09,145.94,,
2019-02-08,120.88,,,6.28,9.6,10.56,,16.21,211.96,130.0,,
2019-02-09,64.5,,,6.26,9.27,10.22,,26.43,116.84,,,
2019-02-10,69.83,,,6.26,9.42,10.16,,16.17,135.09,,,
2019-02-11,86.47,,,6.32,9.44,10.3,,12.16,158.19,,,
2019-02-12,88.14,,0.0,6.34,9.67,10.19,,14.91,153.71,113.82,,
2019-02-13,108.85,,0.0,6.29,9.41,10.27,,15.23,188.76,94.98,,
2019-02-14,101.31,,0.0,6.34,9.61,10.08,,16.05,184.48,68.06,,
2019-02-15,90.96,,0.0,6.31,9.2,9.86,,14.95,162.28,10.98,,
2019-02-16,24.75,,0.0,6.28,9.14,9.7,,17.35,38.27,,,
2019-02-17,41.96,,0.0,6.34,9.08,9.76,,22.64,72.82,,,
2019-02-18,60.04,,0.0,6.35,9.01,9.63,,22.17,105.56,,,
2019-02-19,99.32,,0.0,6.43,9.64,10.08,,102.64,197.98,,,
2019-02-20,91.77,,0.0,6.28,9.6,10.13,,21.46,184.17,,,
2019-02-21,90.46,,0.0,6.29,9.87,10.09,,35.34,187.59,,,
2019-02-22,117.15,,0.0,6.31,10.04,10.03,,20.79,231.32,,,
2019-02-23,74.2,,0.0,6.32,9.3,9.59,,71.76,138.7,,,
2019-02-24,57.84,,0.0,6.37,8.94,9.41,,23.48,119.52,,,
2019-02-25,43.2,,0.0,6.29,9.25,9.51,,15.03,72.1,23.19,,
2019-02-26,58.96,,0.0,6.32,9.09,9.5,,14.35,106.55,18.48,,
2019-02-27,42.86,,0.0,6.32,8.95,9.41,,6.38,73.18,7.26,,
2019-02-28,25.2,,0.0,6.37,9.03,9.36,,59.31,62.61,6.28,,
2019-03-01,48.98,,0.0,6.35,9.64,9.49,,120.56,86.86,8.2,,
2019-03-02,80.78,,0.0,6.39,9.4,9.57,,57.49,140.36,14.33,,
2019-03-03,85.67,,0.0,6.37,9.2,9.24,,40.81,152.5,15.43,,
2019-03-04,72.84,,0.0,6.35,9.12,9.34,,13.92,127.69,13.33,,
2019-03-05,81.29,,0.0,6.36,9.27,9.28,,15.55,145.5,12.93,,
2019-03-06,84.66,,0.0,6.34,9.32,9.39,,17.52,139.63,12.69,,
2019-03-07,46.5,,0.0,6.32,9.32,9.71,,23.27,84.04,7.77,,
2019-03-08,58.39,,0.0,6.3,9.14,9.82,,19.25,105.21,8.47,,
2019-03-09,67.94,,0.0,6.3,9.29,9.86,,16.54,137.38,12.14,,
2019-03-10,106.54,,0.0,6.32,9.58,10.1,,16.01,206.88,20.68,,
2019-03-11,85.43,,0.0,6.32,9.34,9.72,,19.92,159.49,13.16,,
2019-03-12,87.37,,0.0,6.29,9.54,10.19,,16.32,166.13,15.37,,
2019-03-13,113.48,,0.0,6.38,10.07,9.94,,18.35,228.18,16.12,,
2019-03-14,69.31,,0.0,6.33,9.16,10.02,,23.27,129.63,7.95,,
2019-03-15,50.04,,0.0,6.32,9.08,10.39,,13.1,95.48,8.7,,
2019-03-16,40.09,,0.0,6.23,9.25,9.91,,24.67,71.28,7.97,,
2019-03-17,60.26,,0.0,6.31,8.98,9.68,,36.99,110.17,8.3,,
2019-03-18,38.16,,0.0,6.31,9.21,9.69,,16.92,68.99,7.65,,
2019-03-19,59.07,,0.0,6.25,9.21,9.64,,21.68,111.43,8.82,,
2019-03-20,68.47,,0.0,6.32,9.2,9.61,,29.03,129.0,11.22,,
2019-03-21,72.12,,0.0,6.25,8.91,9.69,,112.63,136.87,11.73,,
2019-03-22,38.02,,0.0,6.31,9.26,9.53,,25.05,90.59,9.02,,
2019-03-23,45.24,,0.0,6.31,8.89,9.42,,22.27,93.14,6.47,,
2019-03-24,61.9,,0.0,6.31,9.07,9.42,,20.33,141.18,10.5,,
2019-03-25,69.58,,0.0,6.31,9.02,9.44,,25.47,159.38,9.71,,
2019-03-26,85.68,,0.0,6.19,9.17,9.94,,12.17,205.23,10.63,,
2019-03-27,53.93,,0.0,6.29,9.14,9.79,,21.49,114.83,10.3,,
2019-03-28,69.81,,0.0,6.32,9.13,9.71,,19.76,150.68,15.02,,
2019-03-29,102.41,,0.0,6.3,9.14,9.7,,24.6,181.61,14.1,,
2019-03-30,,,,,,,,,,,,
2019-03-31,,,,,,,,,,,,
2019-04-01,54.36,,0.0,6.29,10.78,10.62,,9.1,85.61,6.67,,
2019-04-02,52.97,,,6.29,9.1,9.54,,17.84,112.2,12.56,,
2019-04-03,79.81,,,6.33,9.05,9.73,,18.2,169.61,12.75,,
2019-04-04,60.03,,,6.24,9.04,9.8,,11.37,124.63,9.02,,
2019-04-05,57.54,,,6.32,8.91,9.56,,4.35,112.16,4.01,,
2019-04-06,57.57,,,6.3,9.05,9.46,,7.6,105.36,4.67,,
2019-04-07,38.85,,,6.26,8.96,9.55,,15.51,72.37,8.22,,
2019-04-08,41.67,,,6.28,8.77,9.42,,14.91,71.88,7.3,,
2019-04-09,54.19,,,6.27,9.05,9.48,,14.99,101.85,9.89,,
2019-04-10,48.46,,,6.33,9.03,9.51,,9.0,90.02,7.57,,
2019-04-11,70.14,,,6.28,8.84,9.7,,11.34,129.73,6.88,,
2019-04-12,61.71,,,6.24,9.06,9.61,,16.64,116.52,4.13,,
2019-04-13,55.67,,,6.26,9.14,9.48,,26.77,116.8,8.72,,
2019-04-14,49.75,,,6.27,8.94,9.43,,34.63,103.33,5.58,,
2019-04-15,60.83,,,6.3,8.97,9.38,,58.23,126.33,4.1,,
2019-04-16,71.94,,,6.3,9.16,9.28,,51.32,143.92,5.04,,
2019-04-17,79.9,,,6.27,8.95,9.42,,132.95,255.49,7.75,,
2019-04-18,43.59,,,6.31,9.12,9.28,,58.32,94.13,7.91,,
2019-04-19,34.08,,,6.36,8.92,9.27,,60.32,69.51,5.82,,
2019-04-20,34.25,,,6.29,9.02,9.14,,64.38,73.45,6.77,,
2019-04-21,48.17,,,6.3,8.82,9.27,,31.23,113.98,10.17,,
2019-04-22,46.56,,,6.3,8.93,9.51,,24.09,81.89,9.66,,
2019-04-23,45.01,,,6.36,8.93,9.48,,14.63,75.39,9.72,,
2019-04-24,,,1.8,6.31,9.29,9.77,,18.78,93.85,9.91,,
2019-04-25,,,1.76,6.28,9.16,9.54,,20.54,70.53,6.12,,
2019-04-26,,,1.87,6.19,9.09,9.73,,43.9,91.32,5.88,,
2019-04-27,,,1.57,6.29,8.95,9.55,,108.49,113.19,3.66,,
2019-04-28,,,2.01,6.5,8.36,8.5,,62.28,162.53,6.14,,
2019-04-29,,,2.59,6.57,7.97,7.76,,53.74,233.79,14.75,,
2019-04-30,,,1.74,6.63,7.73,7.57,,46.06,106.54,4.95,,
2019-05-01,,,1.38,6.61,7.95,7.43,,42.78,60.46,5.34,,
2019-05-02,,,1.48,6.53,7.83,7.72,,33.32,40.09,5.85,,
2019-05-03,,,1.55,6.58,7.83,7.67,,30.95,44.95,4.06,,
2019-05-04,,,1.52,6.6,7.95,7.38,,10.79,34.07,4.37,,
2019-05-05,,,1.44,6.55,7.63,7.61,,18.9,61.33,4.85,,
2019-05-06,,,1.66,6.5,7.99,7.73,,34.54,119.83,9.49,,
2019-05-07,,,2.49,6.57,8.06,7.79,,105.78,154.78,14.54,,
2019-05-08,,,1.91,6.61,7.93,7.6,,70.79,179.52,11.02,,
2019-05-09,,,1.61,6.6,7.89,7.45,,66.48,191.75,13.21,,
2019-05-10,,,1.88,6.57,8.0,7.55,,42.63,196.25,,,
2019-05-11,,,2.14,6.6,8.11,7.53,,33.06,191.93,,,
2019-05-12,,,2.01,6.67,7.98,7.41,,52.39,153.82,,,
2019-05-13,,,1.95,6.63,7.9,7.5,,86.41,160.09,9.09,,
2019-05-14,,,1.77,6.57,7.91,7.37,,32.56,71.3,5.13,,
2019-05-15,,,1.78,6.59,7.8,7.54,,28.49,86.04,7.6,,
2019-05-16,,,1.58,6.47,7.97,7.89,,10.31,49.95,10.78,,
2019-05-17,,,3.52,6.58,7.98,7.79,,17.74,94.92,,,
2019-05-18,,,2.01,6.63,7.92,7.51,,28.24,94.62,15.19,,
2019-05-19,,,2.46,6.59,8.03,7.63,,28.8,78.92,12.82,,
2019-05-20,,,1.49,6.61,7.97,7.7,,55.5,71.05,5.97,,
2019-05-21,,,1.66,6.54,7.68,7.72,,149.33,71.57,7.69,,
2019-05-22,,,1.46,6.58,7.76,7.56,,65.88,60.69,5.08,,
2019-05-23,,,1.58,6.63,7.65,7.43,,37.38,53.47,8.18,,
2019-05-24,,,1.72,6.64,7.67,7.37,,43.04,61.22,5.6,,
2019-05-25,,,1.77,6.61,8.02,7.6,,22.52,69.58,10.06,,
2019-05-26,,,,,,,,,,,,
2019-05-27,,,2.84,6.68,8.12,8.09,,14.59,86.47,10.09,,
2019-05-28,,,1.25,6.6,8.25,7.66,,31.97,92.21,16.23,,
2019-05-29,,,1.51,6.63,7.9,7.24,,35.12,51.11,10.92,,
2019-05-30,,,1.46,6.45,7.91,6.92,,35.22,62.5,13.95,,
2019-05-31,,,1.37,6.55,7.86,7.82,,44.54,66.2,8.97,,
2019-06-01,,,1.95,,,,,34.58,38.08,29.97,,
2019-06-02,,,1.45,6.42,7.39,7.44,,10.08,76.4,7.83,,
2019-06-03,,,0.66,6.5,12.22,7.32,,11.61,314.52,41.38,,
2019-06-04,,,,,,,,,,,,
2019-06-05,,,,,,,,,,,,
2019-06-06,,,,,,,,,,,,
2019-06-07,,,,,,,,,,,,
2019-06-08,,,,,,,,,,,,
2019-06-09,,,,,,,,,,,,
2019-06-10,,,,,,,,,,,,
2019-06-11,,,,,,,,,,,,
2019-06-12,,,,,,,,,,,,
2019-06-13,,,,,,,,,,,,
2019-06-14,,,,,,,,,,,,
2019-06-15,,,,,,,,,,,,
2019-06-16,,,,,,,,,,,,
2019-06-17,,,,,,,,,,,,
2019-06-18,,,,,,,,,,,,
2019-06-19,,,,,,,,,,,,
2019-06-20,,,,,,,,,,,,
2019-06-21,,,,,,,,,,,,
2019-06-22,,,,,,,,,,,,
2019-06-23,,,,,,,,,,,,
2019-06-24,,,,,,,,,,,,
2019-06-25,,,,,,,,,,,,
2019-06-26,,,,,,,,,,,,
2019-06-27,,,,,,,,,,,,
2019-06-28,,,,,,,,,,,,
2019-06-29,,,,,,,,,,,,
2019-06-30,,,,,,,,,,,,
2019-07-01,,,,,,,,,,,,
2019-07-02,,,,,,,,,,,,
2019-07-03,,,,,,,,,,,,
2019-07-04,,,,,,,,,,,,
2019-07-05,,,,,,,,,,,,
2019-07-06,,,,,,,,,,,,
2019-07-07,,,,,,,,,,,,
2019-07-08,,,,,,,,,,,,
2019-07-09,,,,,,,,,,,,
2019-07-10,,,,,,,,,,,,
2019-07-11,,,,,,,,,,,,
2019-07-12,,,1.11,5.93,10.16,12.02,,22.38,133.45,5.6,,
2019-07-13,,,1.27,6.28,8.44,8.96,,6.09,25.75,4.2,,
2019-07-14,,,1.24,6.31,8.45,9.03,,8.69,33.74,7.83,,
2019-07-15,,,1.31,6.3,8.75,8.94,,12.35,40.08,4.42,,
2019-07-16,,,1.54,6.27,8.64,9.14,,13.48,40.2,5.96,,
2019-07-17,,,1.51,6.26,8.34,9.42,,44.62,45.76,6.33,,
2019-07-18,,,1.91,6.24,8.76,9.46,,45.29,42.62,6.67,,
2019-07-19,,,1.24,6.25,8.49,9.41,,15.35,34.86,5.28,,
2019-07-20,,,1.27,6.27,8.65,9.34,,4.59,36.28,4.72,,
2019-07-21,,,1.15,6.29,8.53,8.97,,5.41,28.58,4.65,,
2019-07-22,,,1.39,6.26,8.58,9.12,,7.2,30.11,3.66,,
2019-07-23,,,1.48,6.26,8.62,9.19,,4.47,26.67,4.6,,
2019-07-24,,,1.58,6.2,8.58,9.64,,106.24,29.38,4.9,,
2019-07-25,,,1.43,6.24,8.52,9.44,,83.77,37.58,5.21,,
2019-07-26,,,1.68,6.25,8.71,9.43,,77.08,29.45,4.69,,
2019-07-27,,,1.83,6.27,8.85,9.4,,62.89,24.18,4.58,,
2019-07-28,,,,,,,,,,,,
2019-07-29,,,1.26,6.24,8.64,9.39,,67.67,26.66,4.34,,
2019-07-30,,,1.39,6.25,8.65,9.39,,16.15,22.78,5.05,,
2019-07-31,,,1.14,6.34,8.76,9.11,,3.47,23.39,4.13,,
2019-08-01,,,1.39,6.33,8.71,9.32,,3.84,26.68,3.88,,
2019-08-02,,,1.45,6.25,8.59,9.45,,4.96,36.71,5.54,,
2019-08-03,,,1.61,6.29,8.49,9.24,,5.46,38.25,4.9,,
2019-08-04,,,1.4,6.22,8.47,9.4,,6.13,32.95,4.37,,
2019-08-05,,,1.52,6.28,8.49,9.07,,11.98,24.85,4.91,,
2019-08-06,,,2.28,6.3,8.81,9.14,,3.44,33.06,4.73,,
2019-08-07,,,1.35,6.21,8.59,9.42,,3.16,18.43,4.75,,
2019-08-08,,,1.52,6.28,8.65,9.2,,2.94,17.47,4.93,,
2019-08-09,,,1.91,6.32,8.71,9.22,,3.51,19.15,4.76,,
2019-08-10,,,2.74,6.27,8.87,9.36,,5.13,18.62,5.74,,
2019-08-11,,,1.78,6.3,8.51,9.22,,6.84,2.48,7.38,,
2019-08-12,,,1.95,6.23,8.78,9.4,,5.28,21.17,6.68,,
2019-08-13,,,1.54,6.25,8.72,9.53,,8.38,34.14,5.12,,
2019-08-14,,,1.64,6.22,8.66,9.36,,4.91,24.7,4.49,,
2019-08-15,,,1.24,6.23,8.62,9.34,,4.52,22.39,4.44,,
2019-08-16,,,1.84,6.27,8.68,9.32,,5.35,29.22,7.29,,
2019-08-17,,,1.66,6.29,8.61,9.29,,26.93,34.28,4.53,,
2019-08-18,,,2.12,6.26,8.67,9.35,,8.8,27.22,4.63,,
2019-08-19,14.18,,1.56,6.28,8.78,9.33,,5.9,28.89,4.74,,
2019-08-20,14.0,,1.95,6.26,8.78,9.42,,8.1,27.41,4.97,,
2019-08-21,18.63,,2.28,6.25,8.64,9.52,,8.36,35.77,4.52,,
2019-08-22,18.0,,1.91,6.29,8.69,9.29,,12.6,30.72,3.62,,
2019-08-23,11.4,,1.96,6.23,8.73,9.47,,6.79,29.06,3.75,,
2019-08-24,11.0,,2.06,6.22,8.72,9.43,,15.89,26.48,3.67,,
2019-08-25,11.0,,1.96,6.27,8.67,9.34,,29.03,22.42,3.6,,
2019-08-26,11.0,,1.8,6.24,8.79,9.4,,5.64,26.6,3.57,,
2019-08-27,11.0,,1.9,6.33,8.67,9.24,,6.07,30.25,3.51,,
2019-08-28,11.0,,1.88,6.31,8.75,9.39,,7.63,24.05,3.58,,
2019-08-29,11.0,,2.04,6.31,8.79,9.39,,6.39,34.5,3.69,,
2019-08-30,11.0,,1.72,6.25,8.78,9.44,,5.96,26.22,3.3,,
2019-08-31,11.0,,1.96,6.2,8.66,9.5,,5.44,34.68,4.62,,
2019-09-01,11.0,,2.28,6.32,8.92,9.09,,8.17,29.74,3.76,,
2019-09-02,11.0,,2.27,6.24,8.82,9.41,,7.71,37.34,3.7,,
2019-09-03,11.0,,1.99,6.27,8.89,9.46,,4.56,27.03,3.63,,
2019-09-04,11.0,,2.14,6.26,8.88,9.42,,4.25,25.63,3.74,,
2019-09-05,11.0,,1.81,6.33,8.89,9.2,,8.16,17.54,3.62,,
2019-09-06,11.0,,1.77,6.29,8.8,9.28,,40.37,22.39,3.52,,
2019-09-07,11.0,,1.65,6.3,8.87,9.2,,5.26,21.19,3.47,,
2019-09-08,11.0,,1.72,6.24,8.86,9.48,,5.93,20.58,3.99,,
2019-09-09,12.17,,1.06,6.28,8.64,9.22,,5.45,23.54,3.47,,
2019-09-10,15.0,,,6.28,8.67,9.24,,5.25,27.46,3.43,,
2019-09-11,15.0,,,6.32,8.59,9.21,,45.7,28.62,3.37,,
2019-09-12,15.0,,,6.29,8.97,9.33,,87.88,36.2,3.26,,
2019-09-13,15.0,,,6.25,8.75,9.29,,5.76,28.54,3.41,,
2019-09-14,15.0,,,6.31,8.92,9.25,,4.83,28.1,3.6,,
2019-09-15,15.0,,,6.28,8.87,9.19,,7.92,31.77,3.46,,
2019-09-16,15.0,,,6.3,8.7,9.25,,12.52,69.54,3.55,,
2019-09-17,16.56,,,6.27,8.87,9.2,,22.41,24.57,3.74,,
2019-09-18,45.2,,,6.26,9.04,9.4,,4.36,42.67,3.57,,
2019-09-19,50.98,,,6.3,9.07,9.17,,3.68,44.17,3.59,,
2019-09-20,39.27,,,6.3,9.1,9.25,,4.77,33.07,3.8,,
2019-09-21,57.3,,,6.29,8.74,9.14,,5.82,51.6,4.06,,
2019-09-22,60.6,,,6.2,8.56,9.43,,9.82,53.8,4.84,,
2019-09-23,53.91,,,6.29,8.96,9.47,,5.91,70.73,5.8,,
2019-09-24,45.2,,,6.26,8.7,9.44,,3.29,63.67,3.86,,
2019-09-25,41.67,,,6.25,9.06,9.44,,3.03,61.86,3.28,,
2019-09-26,36.02,,,6.28,8.85,9.26,,3.13,60.16,3.51,,
2019-09-27,34.95,,,6.27,8.83,9.36,,7.06,59.19,3.5,,
2019-09-28,38.95,,,6.28,8.79,9.16,,3.61,61.98,3.5,,
2019-09-29,40.68,,,6.3,8.78,8.96,,3.35,64.9,3.65,,
2019-09-30,27.67,,,6.29,8.68,9.0,,8.25,54.85,3.62,,
2019-10-01,,,,,,,,,,,,
2019-10-02,,,,,,,,,,,,
2019-10-03,38.01,,,6.34,8.76,9.11,,54.49,65.62,4.59,,
2019-10-04,42.99,,,6.34,8.91,9.02,,18.56,57.83,4.47,,
2019-10-05,57.89,,,6.28,8.89,9.25,,58.6,65.31,5.05,,
2019-10-06,56.7,,,6.27,8.7,9.28,,19.73,68.22,4.18,,
2019-10-07,50.2,,,6.29,8.75,9.16,,130.43,65.3,5.27,,
2019-10-08,41.38,,,6.27,8.64,9.0,,64.11,62.51,4.73,,
2019-10-09,41.9,,,6.3,8.9,9.27,,,61.22,5.61,,
2019-10-10,42.01,,,6.31,9.18,9.23,,,67.7,5.42,,
2019-10-11,52.04,,,6.34,9.14,9.38,,50.65,73.54,5.48,,
2019-10-12,59.98,,,6.3,8.84,9.19,,41.85,65.74,5.61,,
2019-10-13,44.37,,,6.27,8.86,9.22,,38.53,68.79,5.42,,
2019-10-14,63.43,,,6.28,8.92,9.3,,45.78,65.79,8.11,,
2019-10-15,79.47,,,6.31,9.09,9.35,,22.47,73.07,7.36,,
2019-10-16,73.9,,,6.33,8.98,9.36,,20.84,59.7,9.02,,
2019-10-17,91.02,,,6.29,9.17,9.34,,33.9,70.56,6.86,,
2019-10-18,50.11,,,6.28,8.57,9.38,,21.78,69.3,6.32,,
2019-10-19,63.06,,,6.21,8.94,9.6,,128.86,96.55,6.42,,
2019-10-20,43.39,,,6.31,8.76,9.32,,75.22,99.26,5.7,,
2019-10-21,38.41,,,6.26,8.73,9.12,,47.6,93.33,4.59,,
2019-10-22,51.9,,,6.32,9.05,9.28,,49.86,97.1,6.01,,
2019-10-23,66.99,,,6.31,8.94,9.47,,43.48,107.17,6.65,,
2019-10-24,33.44,,,6.32,8.86,9.14,,52.47,97.26,4.63,,
2019-10-25,28.03,,,6.22,8.62,9.33,,33.36,93.26,5.04,,
2019-10-26,24.21,,,6.29,8.86,9.12,,17.29,91.49,4.51,,
2019-10-27,48.94,,,6.36,9.1,9.2,,18.68,102.92,6.24,,
2019-10-28,54.86,,,6.33,8.94,9.36,,21.78,92.45,6.76,,
2019-10-29,60.84,,,6.32,8.89,9.11,,43.44,111.14,4.92,,
2019-10-30,54.31,,,6.29,8.7,8.97,,93.49,95.27,4.52,,
2019-10-31,69.65,,,6.28,8.63,9.13,,51.53,103.78,4.86,,
2019-11-01,69.63,,,6.32,8.69,8.85,,26.34,101.4,4.94,,
2019-11-02,64.19,,,6.33,8.69,8.9,,25.54,97.62,5.2,,
2019-11-03,84.44,,,6.33,8.79,9.05,,26.13,113.21,4.67,,
2019-11-04,81.96,,,6.32,8.77,9.02,,44.71,116.47,4.43,,
2019-11-05,78.73,,,6.29,8.72,8.94,,35.58,111.58,4.92,,
2019-11-06,73.1,,,6.29,8.81,9.2,,46.57,107.97,5.36,,
2019-11-07,87.87,,,6.33,9.0,9.72,,96.66,122.77,6.3,,
2019-11-08,82.13,,,6.28,8.81,9.66,,94.89,115.11,6.06,,
2019-11-09,45.74,,,6.29,8.73,9.25,,70.21,98.21,5.88,,
2019-11-10,42.71,,,6.3,8.7,9.21,,56.02,98.61,6.06,,
2019-11-11,55.88,,,6.31,8.65,9.06,,50.6,125.52,5.21,,
2019-11-12,62.87,,,6.33,8.91,9.08,,71.96,110.06,6.0,,
2019-11-13,80.47,,,6.25,8.84,9.5,,54.55,210.86,9.44,,
2019-11-14,90.81,,,6.33,8.74,9.31,,59.11,168.74,22.07,,
2019-11-15,82.54,,,6.31,8.86,9.25,,60.81,167.98,,,
2019-11-16,81.0,,,6.29,8.73,9.28,,62.66,161.63,,,
2019-11-17,74.97,,,6.35,8.93,9.34,,56.37,164.01,,,
2019-11-18,95.43,,,6.29,8.75,9.45,,66.81,176.42,27.3,,
2019-11-19,82.1,,,6.28,8.59,9.41,,59.43,154.23,23.01,,
2019-11-20,100.62,,,6.31,9.09,9.72,,54.08,183.67,30.17,,
2019-11-21,150.71,,,6.27,8.78,9.51,,49.86,205.88,28.52,,
2019-11-22,,,,6.32,8.86,9.77,,56.69,139.64,24.34,,
2019-11-23,,,,6.32,8.72,9.58,,54.03,175.59,23.55,,
2019-11-24,126.72,,,6.25,9.07,9.73,,56.39,223.58,25.73,,
2019-11-25,141.93,,,6.32,8.96,9.81,,65.72,230.44,29.1,,
2019-11-26,123.22,,,6.33,8.84,9.55,,45.06,250.22,26.84,,
2019-11-27,136.04,,,6.34,8.64,9.56,,58.68,276.18,32.44,,
2019-11-28,110.73,,,6.3,8.74,9.36,,45.12,283.52,26.56,,
2019-11-29,101.64,,,6.31,8.49,9.42,,58.13,207.3,26.13,,
2019-11-30,86.49,,,6.32,8.61,8.98,,47.32,188.06,26.89,,
2019-12-01,75.02,,,6.38,8.57,9.06,,53.43,154.86,21.81,,
2019-12-02,78.88,,,6.38,8.62,9.25,,47.08,160.28,24.66,,
2019-12-03,88.18,,,6.3,8.57,9.37,,27.11,179.12,22.66,,
2019-12-04,91.95,,,6.29,8.66,9.45,,61.97,185.9,27.46,,
2019-12-05,86.48,,,6.37,8.53,9.3,,27.42,181.81,24.19,,
2019-12-06,97.29,,,6.35,9.08,9.7,,43.36,200.99,31.83,,
2019-12-07,97.86,,,6.38,9.31,9.52,,21.29,249.96,25.48,,
2019-12-08,104.32,,,6.34,8.5,9.32,,28.96,241.05,34.57,,
2019-12-09,91.18,,,6.36,8.58,9.5,,65.31,211.02,37.91,,
2019-12-10,96.83,,,6.39,8.68,9.42,,30.85,220.76,29.06,,
2019-12-11,105.64,,,6.35,8.59,9.53,,74.7,233.43,31.05,,
2019-12-12,114.61,,,6.35,8.54,9.57,,75.4,245.4,37.55,,
2019-12-13,140.04,,,6.35,8.57,9.66,,58.09,256.39,36.83,,
2019-12-14,96.73,,,6.34,8.5,9.53,,42.72,182.45,25.75,,
2019-12-15,79.29,,,6.39,8.6,8.89,,48.0,169.59,29.42,,
2019-12-16,56.64,,,6.43,8.44,8.84,,46.41,107.38,27.11,,
2019-12-17,60.75,,,6.36,8.25,8.58,,50.44,95.36,20.65,,
2019-12-18,139.78,,,6.39,8.42,8.9,,57.9,149.78,24.45,,
2019-12-19,63.54,,,6.36,8.49,9.01,,53.33,139.3,23.06,,
2019-12-20,74.1,,,6.45,8.64,9.13,,62.79,177.59,20.99,,
2019-12-21,69.56,,,6.42,8.85,9.48,,69.87,218.68,18.5,,
2019-12-22,79.04,,,6.37,8.71,9.34,,64.02,260.27,21.76,,
2019-12-23,93.46,,,6.38,8.6,9.47,,45.6,297.5,26.14,,
2019-12-24,84.61,,,6.41,8.51,9.48,,33.35,264.4,29.38,,
2019-12-25,74.47,,,6.43,8.51,9.31,,41.89,240.28,23.93,,
2019-12-26,92.56,,,6.4,8.49,9.35,,49.12,211.8,25.96,,
2019-12-27,79.43,,,6.44,10.53,9.49,,48.02,178.65,23.2,,
2019-12-28,74.85,,,6.33,8.95,9.54,,25.78,165.24,17.96,,
2019-12-29,63.67,,,6.42,8.91,9.16,,28.61,170.35,23.74,,
2019-12-30,70.97,,,6.44,8.88,9.11,,24.57,181.4,25.18,,
2019-12-31,79.71,,,6.46,9.36,9.39,,21.39,219.83,26.21,,
2020-01-01,64.59,,,6.42,8.89,8.87,,17.51,186.03,26.27,,
2020-01-02,61.48,,,6.51,8.78,8.82,,16.07,140.69,25.47,,
2020-01-03,43.86,,,6.41,8.8,8.95,,15.62,103.69,22.85,,
2020-01-04,53.06,,,6.45,8.9,9.12,,14.45,138.23,23.47,,
2020-01-05,39.78,,,6.51,8.58,8.47,,26.13,103.93,22.22,,
2020-01-06,53.52,,,6.49,8.9,8.74,,24.12,162.81,24.31,,
2020-01-07,70.22,,,6.48,8.91,9.22,,25.68,212.13,25.33,,
2020-01-08,84.12,,,6.47,8.96,9.42,,73.05,263.8,31.24,,
2020-01-09,66.1,,,6.5,8.8,8.87,,156.05,179.78,29.7,,
2020-01-10,47.62,,,6.49,8.64,8.49,,125.94,129.94,23.44,,
2020-01-11,53.03,,,6.43,8.73,8.7,,74.73,121.55,23.93,,
2020-01-12,50.35,,,6.48,9.04,8.81,,82.18,127.13,24.73,,
2020-01-13,69.44,,,6.45,8.69,9.11,,62.32,175.52,22.31,,
2020-01-14,80.32,,,6.44,8.86,9.32,,59.64,237.74,34.26,,
2020-01-15,72.55,,,6.43,8.95,9.42,,54.33,288.08,42.93,,
2020-01-16,75.36,,,6.45,8.72,9.05,,52.86,269.38,29.71,,
2020-01-17,62.11,,,6.51,8.75,8.79,,49.2,206.68,29.66,,
2020-01-18,59.65,,,6.41,8.88,8.86,,66.2,182.83,25.91,,
2020-01-19,49.58,,,6.46,8.54,8.41,,79.13,140.68,22.48,,
2020-01-20,46.85,,,6.51,8.66,8.41,,68.7,110.04,24.4,,
2020-01-21,63.67,,,6.47,8.95,8.96,,43.67,179.88,35.73,,
2020-01-22,80.76,,,6.42,8.7,9.1,,52.15,254.13,36.87,,
2020-01-23,75.46,,,6.6,8.27,7.96,,52.42,199.88,27.27,,
2020-01-24,49.17,,,6.76,7.84,6.81,,47.12,135.63,21.47,,
2020-01-25,57.58,,,6.78,7.98,6.76,,50.31,152.25,26.06,,
2020-01-26,48.99,,,6.75,7.47,6.23,,57.7,156.13,22.42,,
2020-01-27,53.16,,,6.73,7.52,6.29,,57.83,141.78,22.93,,
2020-01-28,75.91,,,6.69,7.77,6.65,,52.56,319.28,41.88,,
2020-01-29,77.89,,,6.76,7.69,6.2,,42.15,215.07,28.56,,
2020-01-30,73.8,,,6.75,7.41,6.25,,57.42,207.86,27.66,,
2020-01-31,63.95,,,6.56,7.63,6.97,,64.29,131.69,19.89,,
2020-02-01,65.93,,,6.63,7.89,7.16,,52.84,146.95,27.64,,
2020-02-02,49.91,,,6.71,7.54,6.69,,52.34,119.47,20.6,,
2020-02-03,52.27,,,6.76,7.76,6.72,,51.9,151.35,28.44,,
2020-02-04,66.67,,,6.63,7.66,7.01,,51.45,213.44,36.01,,
2020-02-05,62.9,,,6.7,7.72,6.92,,45.98,193.97,29.72,,
2020-02-06,47.42,,,6.72,7.45,6.82,,80.65,142.64,27.28,,
2020-02-07,74.59,,,6.71,7.75,6.79,,51.55,194.27,29.53,,
2020-02-08,83.58,,,6.39,8.53,7.04,,38.28,279.62,21.93,,
2020-02-09,,,,,,,,,,,,
2020-02-10,95.63,,,10.1,23.51,6.94,,44.08,164.12,29.06,,
2020-02-11,87.29,,,9.07,23.56,11.48,,34.08,148.76,24.3,,
2020-02-12,82.96,,,8.34,24.29,11.93,,38.16,151.91,22.22,,
2020-02-13,94.45,,,8.68,23.49,11.39,,43.49,182.25,31.33,,
2020-02-14,86.25,,,8.91,24.3,11.62,,30.43,263.41,29.16,,
2020-02-15,55.96,,,8.8,22.06,11.27,,37.98,132.82,27.29,,
2020-02-16,56.39,,,10.02,23.69,8.8,,39.74,136.42,29.53,,
2020-02-17,77.24,,,9.06,24.89,11.34,,36.58,170.36,25.85,,
2020-02-18,85.23,,,9.24,22.62,9.83,,53.2,178.91,30.97,,
2020-02-19,99.05,,,8.66,23.51,10.93,,41.44,303.64,43.92,,
2020-02-20,117.17,,,8.88,24.13,11.44,,126.98,292.12,41.98,,
2020-02-21,94.88,,,9.34,24.5,11.6,,77.15,245.78,43.59,,
2020-02-22,101.24,,,8.98,24.5,11.19,,59.73,202.98,31.13,,
2020-02-23,75.34,,,8.74,26.95,11.6,,53.28,167.02,39.48,,
2020-02-24,62.61,,,8.37,27.48,12.05,,35.73,130.94,27.51,,
2020-02-25,58.77,,,9.33,26.8,11.37,,47.29,108.44,21.41,,
2020-02-26,63.81,,,9.63,24.4,10.86,,39.42,116.93,34.39,,
2020-02-27,59.71,,,9.06,24.27,10.5,,37.68,115.01,27.86,,
2020-02-28,73.75,,,9.22,24.06,11.4,,41.91,146.96,33.57,,
2020-02-29,91.52,,,8.99,27.18,10.89,,41.57,179.26,38.65,,
2020-03-01,97.24,,,9.39,24.83,10.2,,38.66,197.27,40.11,,
2020-03-02,96.88,,,9.32,25.65,10.71,,36.73,185.34,37.23,,
2020-03-03,97.87,,,9.08,24.4,10.33,,39.38,276.26,38.72,,
2020-03-04,54.15,,,9.41,25.81,10.21,,36.18,101.22,27.15,,
2020-03-05,38.98,,,8.87,24.23,10.47,,24.88,93.97,32.29,,
2020-03-06,52.5,,,9.32,23.94,9.96,,25.01,,25.02,,
2020-03-07,30.3,,,9.18,23.22,10.06,,22.13,,25.93,,
2020-03-08,,,,9.36,24.99,10.08,,27.41,,22.19,,
2020-03-09,,,,8.91,24.36,10.99,,35.74,,30.05,,
2020-03-10,,,,8.73,24.87,12.92,,33.77,,38.65,,
2020-03-11,,,,8.96,25.7,10.88,,25.22,,36.06,,
2020-03-12,,,,9.32,22.12,9.7,,26.93,,35.35,,
2020-03-13,,,,8.98,25.14,11.31,,33.49,,35.88,,
2020-03-14,,,,9.12,23.65,12.28,,59.46,,24.36,,
2020-03-15,,,,9.6,27.46,11.81,,23.66,,32.76,,
2020-03-16,91.48,,2.29,8.74,25.03,11.12,,38.87,227.4,32.09,,
2020-03-17,43.53,,2.2,8.68,25.85,11.87,,83.65,117.83,31.3,,
2020-03-18,29.31,,1.55,9.11,23.42,10.38,,116.25,75.54,21.3,,
2020-03-19,34.74,,2.04,9.51,25.22,11.78,,109.15,89.55,31.52,,
2020-03-20,56.29,,2.71,8.51,23.73,10.17,,84.25,78.79,36.29,,
2020-03-21,95.19,,3.21,9.08,23.6,9.16,,49.0,106.75,41.96,,
2020-03-22,84.8,,2.81,8.71,27.34,11.47,,59.7,87.15,42.47,,
2020-03-23,82.65,,2.5,9.03,24.86,10.06,,65.57,90.97,38.39,,
2020-03-24,90.55,,2.18,8.7,23.06,10.5,,50.14,93.0,30.69,,
2020-03-25,66.1,,2.13,9.04,22.87,11.22,,53.59,86.3,30.4,,
2020-03-26,35.51,,1.61,9.33,23.61,11.06,,87.5,61.28,23.88,,
2020-03-27,52.07,,1.46,9.23,23.83,10.31,,74.43,72.67,28.67,,
2020-03-28,53.1,,1.21,8.99,23.77,10.07,,52.83,72.58,22.68,,
2020-03-29,44.57,,0.93,9.37,22.3,9.81,,63.34,53.28,19.53,,
2020-03-30,45.82,,1.23,9.26,22.89,9.1,,42.59,61.31,22.57,,
2020-03-31,57.22,,2.19,8.85,25.96,11.33,,37.94,79.48,34.4,,
2020-04-01,70.65,,2.55,9.26,25.31,10.4,,38.22,99.85,43.45,,
2020-04-02,81.31,,2.82,9.22,25.03,11.45,,60.21,110.3,45.65,,
2020-04-03,54.69,,1.77,9.23,24.48,11.05,,47.47,99.09,26.44,,
2020-04-04,71.96,,2.58,9.29,24.47,10.37,,94.05,119.98,41.63,,
2020-04-05,55.22,,2.6,8.79,24.08,11.64,,93.32,105.92,43.76,,
2020-04-06,60.45,,1.83,9.15,24.09,11.44,,47.29,92.36,25.33,,
2020-04-07,79.89,,2.51,9.03,24.14,10.92,,37.51,119.5,40.62,,
2020-04-08,57.34,,1.46,8.82,26.91,11.01,,48.77,113.38,28.34,,
2020-04-09,44.65,,1.58,8.85,26.39,11.28,,41.2,92.0,27.59,,
2020-04-10,77.66,,2.17,8.98,24.05,10.87,,42.21,127.19,43.13,,
2020-04-11,71.54,,2.11,8.9,25.82,11.36,,51.66,125.82,35.49,,
2020-04-12,59.27,,1.88,9.23,23.97,11.72,,67.58,122.07,39.72,,
2020-04-13,52.56,,2.14,8.7,25.24,11.74,,52.75,124.78,36.92,,
2020-04-14,50.88,,2.16,9.06,23.21,12.02,,38.96,124.47,40.52,,
2020-04-15,46.85,,1.75,9.09,23.73,11.38,,28.91,118.68,30.5,,
2020-04-16,27.64,,1.54,8.49,24.63,11.39,,64.06,107.72,27.58,,
2020-04-17,40.6,,2.0,8.9,24.61,10.88,,74.26,118.49,32.84,,
2020-04-18,43.36,,2.0,9.63,27.12,11.27,,,128.92,34.6,,
2020-04-19,28.27,,1.52,,,,,,106.17,27.94,,
2020-04-20,24.83,,1.56,9.13,26.32,10.58,,,109.11,30.78,,
2020-04-21,19.18,,1.8,8.99,23.91,11.56,,,85.11,28.86,,
2020-04-22,14.36,,1.63,9.19,24.84,11.26,,,94.42,23.62,,
2020-04-23,28.23,,2.28,9.11,25.02,12.12,,20.06,110.15,33.81,,
2020-04-24,16.54,,1.21,8.82,25.66,11.98,,34.41,92.89,27.12,,
2020-04-25,13.14,,1.27,8.73,24.89,11.62,,27.14,87.6,30.24,,
2020-04-26,20.29,,1.27,9.33,24.63,10.96,,24.34,94.54,28.94,,
2020-04-27,20.39,,0.98,9.55,24.73,10.38,,27.77,95.32,25.71,,
2020-04-28,11.75,,0.88,8.99,24.68,11.8,,25.26,88.68,23.4,,
2020-04-29,18.84,,0.87,9.11,25.19,10.59,,27.76,98.46,28.11,,
2020-04-30,40.24,,0.96,9.03,25.97,10.16,,29.0,113.36,35.18,,
2020-05-01,38.03,,0.77,9.19,24.48,10.11,,33.27,99.9,24.16,,
2020-05-02,27.08,,0.87,9.21,24.98,10.59,,37.92,87.66,21.94,,
2020-05-03,32.4,,1.27,9.35,25.0,10.88,,50.53,98.09,23.11,,
2020-05-04,34.5,,1.28,9.57,24.73,9.92,,55.16,119.93,26.23,,
2020-05-05,27.08,,1.45,9.41,23.86,10.12,,87.88,139.89,25.22,,
2020-05-06,10.04,,1.48,8.91,25.13,10.25,,37.08,122.4,25.86,,
2020-05-07,18.7,,1.43,9.1,24.47,10.27,,40.96,128.72,24.44,,
2020-05-08,31.7,,1.28,9.21,23.68,9.84,,34.78,104.75,28.43,,
2020-05-09,63.25,,1.41,9.18,23.61,9.95,,46.48,100.36,32.52,,
2020-05-10,49.33,,1.2,8.81,23.96,10.68,,127.98,97.73,28.17,,
2020-05-11,37.77,,1.28,9.24,25.05,10.38,,76.08,80.81,22.12,,
2020-05-12,60.69,,1.28,8.84,24.77,11.99,,54.6,86.13,25.64,,
2020-05-13,53.4,,1.11,8.95,24.36,11.54,,66.84,76.77,24.09,,
2020-05-14,58.71,,1.23,9.18,25.94,11.48,,48.54,83.05,31.15,,
2020-05-15,61.12,,1.08,9.24,24.37,10.41,,36.11,84.04,29.95,,
2020-05-16,74.26,,0.97,9.11,22.54,10.15,,38.76,127.28,23.69,,
2020-05-17,76.23,,0.88,8.83,23.46,10.29,,41.24,159.13,23.23,,
2020-05-18,85.15,,0.95,8.68,25.06,9.91,,35.69,169.86,25.56,,
2020-05-19,45.71,,0.71,8.97,24.02,10.9,,17.74,160.03,25.18,,
2020-05-20,45.54,,0.83,8.72,23.52,10.76,,26.53,150.51,24.54,,
2020-05-21,16.54,,0.75,9.55,24.29,10.18,,26.98,138.61,17.35,,
2020-05-22,36.21,,0.84,9.22,24.03,10.26,,27.27,150.29,21.83,,
2020-05-23,70.46,,0.75,9.1,25.13,10.68,,28.15,162.18,20.54,,
2020-05-24,68.23,,0.72,9.18,22.27,10.2,,29.05,161.21,20.63,,
2020-05-25,53.62,,0.62,9.19,24.06,11.26,,26.12,164.75,22.1,,
2020-05-26,55.68,,0.66,8.83,23.18,10.84,,33.28,161.9,23.3,,
2020-05-27,56.15,,0.75,9.31,23.53,10.1,,61.05,168.65,21.49,,
2020-05-28,48.21,,0.96,9.36,24.97,10.14,,28.13,155.98,22.53,,
2020-05-29,43.84,,0.71,9.31,24.44,9.97,,61.56,153.2,23.33,,
2020-05-30,46.69,,0.72,9.28,24.88,10.1,,24.54,161.84,23.39,,
2020-05-31,32.79,,0.61,8.84,24.14,10.44,,34.43,152.68,23.27,,
2020-06-01,30.4,,0.49,8.99,24.85,11.01,,44.51,152.57,21.81,,
2020-06-02,23.9,,0.53,9.11,25.4,11.24,,142.2,155.42,23.8,,
2020-06-03,,,0.47,8.87,23.55,12.11,,72.29,155.23,24.1,,
2020-06-04,,,0.47,9.15,24.24,11.56,,29.56,163.98,30.31,,
2020-06-05,,,0.37,8.96,25.28,10.49,,29.4,150.2,18.6,,
2020-06-06,,,0.38,9.03,25.24,11.15,,34.49,152.03,23.3,,
2020-06-07,,,0.47,8.57,24.53,10.99,,31.95,173.57,37.25,,
2020-06-08,,,0.5,9.36,25.15,10.01,,33.81,165.25,27.6,,
2020-06-09,,,0.45,8.88,23.7,10.58,,32.89,170.46,30.13,,
2020-06-10,,,0.33,8.91,24.55,11.19,,27.03,159.89,20.57,,
2020-06-11,,,1.55,9.3,26.34,10.21,,19.01,161.62,24.02,,
2020-06-12,,,1.83,9.16,23.54,9.67,,17.76,109.67,22.13,,
2020-06-13,,,1.89,8.71,25.22,10.28,,15.4,71.5,14.81,,
2020-06-14,,,1.78,9.33,24.09,10.54,,15.44,75.38,14.09,,
2020-06-15,,,1.57,9.51,24.79,10.06,,15.91,70.02,14.94,,
2020-06-16,,,1.45,8.52,24.3,11.72,,16.96,71.22,16.65,,
2020-06-17,,,1.5,9.19,25.21,10.31,,20.05,69.94,16.16,,
2020-06-18,,,1.39,8.96,23.27,10.58,,24.53,66.66,18.19,,
2020-06-19,,,1.41,9.69,23.73,10.78,,29.79,73.82,17.7,,
2020-06-20,,,2.03,9.25,23.66,11.26,,20.86,85.09,20.16,,
2020-06-21,,,2.28,9.12,25.69,10.05,,17.26,75.89,20.27,,
2020-06-22,,,2.13,9.45,26.27,11.46,,61.83,75.71,19.66,,
2020-06-23,,,1.91,9.03,26.15,11.18,,83.05,74.86,15.97,,
2020-06-24,,,1.68,8.77,23.07,11.97,,24.42,69.49,15.44,,
2020-06-25,,,1.99,9.41,23.21,9.35,,25.86,75.64,19.85,,
2020-06-26,,,2.14,9.22,24.39,10.17,,111.93,69.49,19.47,,
2020-06-27,,,1.73,8.77,23.88,11.32,,87.92,73.41,25.84,,
2020-06-28,,,1.87,8.74,25.44,10.63,,69.95,74.52,23.11,,
2020-06-29,,,1.65,8.68,24.73,11.96,,57.76,75.22,24.05,,
2020-06-30,,,1.68,9.13,25.1,10.8,,30.12,80.51,28.08,,
2020-07-01,,,1.67,7.38,20.9,14.11,,18.23,102.38,10.57,,
